eaId,commonName,position,archetype,chemstyle,height,weight,skillMoves,weakFoot,attributeAcceleration,attributeSprintSpeed,attributePositioning,attributeFinishing,attributeShotPower,attributeLongShots,attributeVolleys,attributePenalties,attributeVision,attributeCrossing,attributeFkAccuracy,attributeShortPassing,attributeLongPassing,attributeCurve,attributeAgility,attributeBalance,attributeReactions,attributeBallControl,attributeDribbling,attributeComposure,attributeInterceptions,attributeHeadingAccuracy,attributeDefensiveAwareness,attributeStandingTackle,attributeSlidingTackle,attributeJumping,attributeStamina,attributeStrength,attributeAggression,Finesse Shot,Chip Shot,Power Shot,Dead Ball,Power Header,Low Driven Shot,Incisive Pass,Pinged Pass,Long Ball Pass,Tiki Taka,Whipped Pass,Jockey,Block,Intercept,Anticipate,Slide Tackle,Bruiser,Technical,Rapid,Flair,First Touch,Trickster,Press Proven,Quick Step,Relentless,Trivela,Acrobatic,Long Throw,Aerial,accelerateType_EXPLOSIVE,accelerateType_MOSTLY_EXPLOSIVE,accelerateType_CONTROLLED_EXPLOSIVE,accelerateType_CONTROLLED,accelerateType_CONTROLLED_LENGTHY,accelerateType_MOSTLY_LENGTHY,accelerateType_LENGTHY,bodytype_Lean Medium,bodytype_Average Medium,bodytype_Stocky Medium,bodytype_Lean Tall,bodytype_Average Tall,bodytype_Stocky Tall,bodytype_Lean Short,bodytype_Average Short,bodytype_Stocky Short,bodytype_Unique,predicted_meta_rating
54050,Wayne Rooney,ST,advanced_forward,none,176,82,3,4,89,87,92,91,94,91,92,87,79,77,82,84,83,84,82,82,90,89,84,85,49,99,59,63,49,85,89,85,88,1,1,2,0,0,1,0,0,1,0,0,0,0,1,0,0,0,0,0,0,0,0,0,0,1,1,1,0,0,0,0,0,1,0,0,0,0,0,1,0,0,0,0,0,0,0,78.43671482310222
54050,Wayne Rooney,ST,advanced_forward,hunter,176,82,3,4,97,95,96,99,98,91,99,95,79,77,82,84,83,84,82,82,90,89,84,85,49,99,59,63,49,85,89,85,88,1,1,2,0,0,1,0,0,1,0,0,0,0,1,0,0,0,0,0,0,0,0,0,0,1,1,1,0,0,0,0,0,1,0,0,0,0,0,1,0,0,0,0,0,0,0,83.54936851071807
54050,Wayne Rooney,CAM,classic_ten,none,176,82,3,4,89,87,92,91,94,91,92,87,79,77,82,84,83,84,82,82,90,89,84,85,49,99,59,63,49,85,89,85,88,1,1,2,0,0,1,0,0,1,0,0,0,0,1,0,0,0,0,0,0,0,0,0,0,1,1,1,0,0,0,0,0,1,0,0,0,0,0,1,0,0,0,0,0,0,0,78.90437580357013
54050,Wayne Rooney,CAM,classic_ten,engine,176,82,3,4,93,91,92,91,94,91,92,87,83,85,82,88,87,92,86,90,90,89,92,85,49,99,59,63,49,85,89,85,88,1,1,2,0,0,1,0,0,1,0,0,0,0,1,0,0,0,0,0,0,0,0,0,0,1,1,1,0,0,0,0,0,1,0,0,0,0,0,1,0,0,0,0,0,0,0,82.84505333128874
54050,Wayne Rooney,ST,false_nine,none,176,82,3,4,89,87,92,91,94,91,92,87,79,77,82,84,83,84,82,82,90,89,84,85,49,99,59,63,49,85,89,85,88,1,1,2,0,0,1,0,0,1,0,0,0,0,1,0,0,0,0,0,0,0,0,0,0,1,1,1,0,0,0,0,0,1,0,0,0,0,0,1,0,0,0,0,0,0,0,77.28696822408166
54050,Wayne Rooney,ST,false_nine,engine,176,82,3,4,93,91,92,91,94,91,92,87,83,85,82,88,87,92,86,90,90,89,92,85,49,99,59,63,49,85,89,85,88,1,1,2,0,0,1,0,0,1,0,0,0,0,1,0,0,0,0,0,0,0,0,0,0,1,1,1,0,0,0,0,0,1,0,0,0,0,0,1,0,0,0,0,0,0,0,81.1902231818013
54050,Wayne Rooney,CAM,half_winger,none,176,82,3,4,89,87,92,91,94,91,92,87,79,77,82,84,83,84,82,82,90,89,84,85,49,99,59,63,49,85,89,85,88,1,1,2,0,0,1,0,0,1,0,0,0,0,1,0,0,0,0,0,0,0,0,0,0,1,1,1,0,0,0,0,0,1,0,0,0,0,0,1,0,0,0,0,0,0,0,75.1213913038517
54050,Wayne Rooney,CAM,half_winger,catalyst,176,82,3,4,97,95,92,91,94,91,92,87,79,89,90,88,91,88,82,82,90,89,84,85,49,99,59,63,49,85,89,85,88,1,1,2,0,0,1,0,0,1,0,0,0,0,1,0,0,0,0,0,0,0,0,0,0,1,1,1,0,0,0,0,0,1,0,0,0,0,0,1,0,0,0,0,0,0,0,79.54612099088276
54050,Wayne Rooney,CAM,playmaker,none,176,82,3,4,89,87,92,91,94,91,92,87,79,77,82,84,83,84,82,82,90,89,84,85,49,99,59,63,49,85,89,85,88,1,1,2,0,0,1,0,0,1,0,0,0,0,1,0,0,0,0,0,0,0,0,0,0,1,1,1,0,0,0,0,0,1,0,0,0,0,0,1,0,0,0,0,0,0,0,77.08446430625293
54050,Wayne Rooney,CAM,playmaker,engine,176,82,3,4,93,91,92,91,94,91,92,87,83,85,82,88,87,92,86,90,90,89,92,85,49,99,59,63,49,85,89,85,88,1,1,2,0,0,1,0,0,1,0,0,0,0,1,0,0,0,0,0,0,0,0,0,0,1,1,1,0,0,0,0,0,1,0,0,0,0,0,1,0,0,0,0,0,0,0,80.67393092140831
54050,Wayne Rooney,ST,poacher,none,176,82,3,4,89,87,92,91,94,91,92,87,79,77,82,84,83,84,82,82,90,89,84,85,49,99,59,63,49,85,89,85,88,1,1,2,0,0,1,0,0,1,0,0,0,0,1,0,0,0,0,0,0,0,0,0,0,1,1,1,0,0,0,0,0,1,0,0,0,0,0,1,0,0,0,0,0,0,0,77.20911638673451
54050,Wayne Rooney,ST,poacher,hunter,176,82,3,4,97,95,96,99,98,91,99,95,79,77,82,84,83,84,82,82,90,89,84,85,49,99,59,63,49,85,89,85,88,1,1,2,0,0,1,0,0,1,0,0,0,0,1,0,0,0,0,0,0,0,0,0,0,1,1,1,0,0,0,0,0,1,0,0,0,0,0,1,0,0,0,0,0,0,0,81.91184902949128
54050,Wayne Rooney,CAM,shadow_striker,none,176,82,3,4,89,87,92,91,94,91,92,87,79,77,82,84,83,84,82,82,90,89,84,85,49,99,59,63,49,85,89,85,88,1,1,2,0,0,1,0,0,1,0,0,0,0,1,0,0,0,0,0,0,0,0,0,0,1,1,1,0,0,0,0,0,1,0,0,0,0,0,1,0,0,0,0,0,0,0,78.83681609654082
54050,Wayne Rooney,CAM,shadow_striker,hunter,176,82,3,4,97,95,96,99,98,91,99,95,79,77,82,84,83,84,82,82,90,89,84,85,49,99,59,63,49,85,89,85,88,1,1,2,0,0,1,0,0,1,0,0,0,0,1,0,0,0,0,0,0,0,0,0,0,1,1,1,0,0,0,0,0,1,0,0,0,0,0,1,0,0,0,0,0,0,0,82.74433843873256
54050,Wayne Rooney,ST,target_forward,none,176,82,3,4,89,87,92,91,94,91,92,87,79,77,82,84,83,84,82,82,90,89,84,85,49,99,59,63,49,85,89,85,88,1,1,2,0,0,1,0,0,1,0,0,0,0,1,0,0,0,0,0,0,0,0,0,0,1,1,1,0,0,0,0,0,1,0,0,0,0,0,1,0,0,0,0,0,0,0,72.04375559331157
54050,Wayne Rooney,ST,target_forward,hawk,176,82,3,4,93,91,96,95,99,99,92,91,79,77,82,84,83,84,82,82,90,89,84,85,49,99,59,63,49,93,89,89,96,1,1,2,0,0,1,0,0,1,0,0,0,0,1,0,0,0,0,0,0,0,0,0,0,1,1,1,0,0,0,0,0,1,0,0,0,0,0,1,0,0,0,0,0,0,0,76.28169228378435
158023,Lionel Messi,ST,advanced_forward,none,169,67,4,5,97,82,90,92,92,90,90,80,90,80,92,87,86,93,90,95,85,93,93,94,40,75,20,35,24,90,90,78,54,1,0,1,1,0,0,1,0,0,1,0,0,0,0,0,0,0,2,0,0,0,1,0,1,0,2,0,0,0,0,1,0,0,0,0,0,0,0,0,0,0,0,0,0,0,1,82.97094179022542
158023,Lionel Messi,ST,advanced_forward,hunter,169,67,4,5,99,90,94,99,96,90,99,88,90,80,92,87,86,93,90,95,85,93,93,94,40,75,20,35,24,90,90,78,54,1,0,1,1,0,0,1,0,0,1,0,0,0,0,0,0,0,2,0,0,0,1,0,1,0,2,0,0,0,0,1,0,0,0,0,0,0,0,0,0,0,0,0,0,0,1,86.80692053473798
158023,Lionel Messi,CAM,classic_ten,none,169,67,4,5,97,82,90,92,92,90,90,80,90,80,92,87,86,93,90,95,85,93,93,94,40,75,20,35,24,90,90,78,54,1,0,1,1,0,0,1,0,0,1,0,0,0,0,0,0,0,2,0,0,0,1,0,1,0,2,0,0,0,0,1,0,0,0,0,0,0,0,0,0,0,0,0,0,0,1,84.63223610218711
158023,Lionel Messi,CAM,classic_ten,deadeye,169,67,4,5,97,82,98,99,99,94,90,84,98,80,92,99,86,97,90,95,85,93,93,94,40,75,20,35,24,90,90,78,54,1,0,1,1,0,0,1,0,0,1,0,0,0,0,0,0,0,2,0,0,0,1,0,1,0,2,0,0,0,0,1,0,0,0,0,0,0,0,0,0,0,0,0,0,0,1,88.10985887909669
158023,Lionel Messi,ST,false_nine,none,169,67,4,5,97,82,90,92,92,90,90,80,90,80,92,87,86,93,90,95,85,93,93,94,40,75,20,35,24,90,90,78,54,1,0,1,1,0,0,1,0,0,1,0,0,0,0,0,0,0,2,0,0,0,1,0,1,0,2,0,0,0,0,1,0,0,0,0,0,0,0,0,0,0,0,0,0,0,1,84.33840541756774
158023,Lionel Messi,ST,false_nine,deadeye,169,67,4,5,97,82,98,99,99,94,90,84,98,80,92,99,86,97,90,95,85,93,93,94,40,75,20,35,24,90,90,78,54,1,0,1,1,0,0,1,0,0,1,0,0,0,0,0,0,0,2,0,0,0,1,0,1,0,2,0,0,0,0,1,0,0,0,0,0,0,0,0,0,0,0,0,0,0,1,88.05911934746341
158023,Lionel Messi,CAM,half_winger,none,169,67,4,5,97,82,90,92,92,90,90,80,90,80,92,87,86,93,90,95,85,93,93,94,40,75,20,35,24,90,90,78,54,1,0,1,1,0,0,1,0,0,1,0,0,0,0,0,0,0,2,0,0,0,1,0,1,0,2,0,0,0,0,1,0,0,0,0,0,0,0,0,0,0,0,0,0,0,1,80.49649320171153
158023,Lionel Messi,CAM,half_winger,catalyst,169,67,4,5,99,90,90,92,92,90,90,80,90,92,99,91,94,97,90,95,85,93,93,94,40,75,20,35,24,90,90,78,54,1,0,1,1,0,0,1,0,0,1,0,0,0,0,0,0,0,2,0,0,0,1,0,1,0,2,0,0,0,0,1,0,0,0,0,0,0,0,0,0,0,0,0,0,0,1,83.76784479752543
158023,Lionel Messi,RW,inside_forward,none,169,67,4,5,97,82,90,92,92,90,90,80,90,80,92,87,86,93,90,95,85,93,93,94,40,75,20,35,24,90,90,78,54,1,0,1,1,0,0,1,0,0,1,0,0,0,0,0,0,0,2,0,0,0,1,0,1,0,2,0,0,0,0,1,0,0,0,0,0,0,0,0,0,0,0,0,0,0,1,83.177115864401
158023,Lionel Messi,RW,inside_forward,finisher,169,67,4,5,97,82,98,99,96,90,98,84,90,80,92,87,86,93,98,99,85,93,99,94,40,75,20,35,24,90,90,78,54,1,0,1,1,0,0,1,0,0,1,0,0,0,0,0,0,0,2,0,0,0,1,0,1,0,2,0,0,0,0,1,0,0,0,0,0,0,0,0,0,0,0,0,0,0,1,86.7332825030751
158023,Lionel Messi,CAM,playmaker,none,169,67,4,5,97,82,90,92,92,90,90,80,90,80,92,87,86,93,90,95,85,93,93,94,40,75,20,35,24,90,90,78,54,1,0,1,1,0,0,1,0,0,1,0,0,0,0,0,0,0,2,0,0,0,1,0,1,0,2,0,0,0,0,1,0,0,0,0,0,0,0,0,0,0,0,0,0,0,1,82.22856708145648
158023,Lionel Messi,CAM,playmaker,deadeye,169,67,4,5,97,82,98,99,99,94,90,84,98,80,92,99,86,97,90,95,85,93,93,94,40,75,20,35,24,90,90,78,54,1,0,1,1,0,0,1,0,0,1,0,0,0,0,0,0,0,2,0,0,0,1,0,1,0,2,0,0,0,0,1,0,0,0,0,0,0,0,0,0,0,0,0,0,0,1,85.46853162057123
158023,Lionel Messi,ST,poacher,none,169,67,4,5,97,82,90,92,92,90,90,80,90,80,92,87,86,93,90,95,85,93,93,94,40,75,20,35,24,90,90,78,54,1,0,1,1,0,0,1,0,0,1,0,0,0,0,0,0,0,2,0,0,0,1,0,1,0,2,0,0,0,0,1,0,0,0,0,0,0,0,0,0,0,0,0,0,0,1,82.40587437176367
158023,Lionel Messi,ST,poacher,hunter,169,67,4,5,99,90,94,99,96,90,99,88,90,80,92,87,86,93,90,95,85,93,93,94,40,75,20,35,24,90,90,78,54,1,0,1,1,0,0,1,0,0,1,0,0,0,0,0,0,0,2,0,0,0,1,0,1,0,2,0,0,0,0,1,0,0,0,0,0,0,0,0,0,0,0,0,0,0,1,85.97855035145123
158023,Lionel Messi,CAM,shadow_striker,none,169,67,4,5,97,82,90,92,92,90,90,80,90,80,92,87,86,93,90,95,85,93,93,94,40,75,20,35,24,90,90,78,54,1,0,1,1,0,0,1,0,0,1,0,0,0,0,0,0,0,2,0,0,0,1,0,1,0,2,0,0,0,0,1,0,0,0,0,0,0,0,0,0,0,0,0,0,0,1,85.6590370120341
158023,Lionel Messi,CAM,shadow_striker,deadeye,169,67,4,5,97,82,98,99,99,94,90,84,98,80,92,99,86,97,90,95,85,93,93,94,40,75,20,35,24,90,90,78,54,1,0,1,1,0,0,1,0,0,1,0,0,0,0,0,0,0,2,0,0,0,1,0,1,0,2,0,0,0,0,1,0,0,0,0,0,0,0,0,0,0,0,0,0,0,1,88.65322492214531
158023,Lionel Messi,ST,target_forward,none,169,67,4,5,97,82,90,92,92,90,90,80,90,80,92,87,86,93,90,95,85,93,93,94,40,75,20,35,24,90,90,78,54,1,0,1,1,0,0,1,0,0,1,0,0,0,0,0,0,0,2,0,0,0,1,0,1,0,2,0,0,0,0,1,0,0,0,0,0,0,0,0,0,0,0,0,0,0,1,69.8823726132777
158023,Lionel Messi,ST,target_forward,hawk,169,67,4,5,99,86,94,96,99,98,90,84,90,80,92,87,86,93,90,95,85,93,93,94,40,75,20,35,24,98,90,82,62,1,0,1,1,0,0,1,0,0,1,0,0,0,0,0,0,0,2,0,0,0,1,0,1,0,2,0,0,0,0,1,0,0,0,0,0,0,0,0,0,0,0,0,0,0,1,74.10150378336392
158023,Lionel Messi,RM,wide_midfielder,none,169,67,4,5,97,82,90,92,92,90,90,80,90,80,92,87,86,93,90,95,85,93,93,94,40,75,20,35,24,90,90,78,54,1,0,1,1,0,0,1,0,0,1,0,0,0,0,0,0,0,2,0,0,0,1,0,1,0,2,0,0,0,0,1,0,0,0,0,0,0,0,0,0,0,0,0,0,0,1,81.40743913824568
158023,Lionel Messi,RM,wide_midfielder,engine,169,67,4,5,99,86,90,92,92,90,90,80,94,88,92,91,90,99,94,99,85,93,99,94,40,75,20,35,24,90,90,78,54,1,0,1,1,0,0,1,0,0,1,0,0,0,0,0,0,0,2,0,0,0,1,0,1,0,2,0,0,0,0,1,0,0,0,0,0,0,0,0,0,0,0,0,0,0,1,84.5555296870038
158023,Lionel Messi,RW,wide_playmaker,none,169,67,4,5,97,82,90,92,92,90,90,80,90,80,92,87,86,93,90,95,85,93,93,94,40,75,20,35,24,90,90,78,54,1,0,1,1,0,0,1,0,0,1,0,0,0,0,0,0,0,2,0,0,0,1,0,1,0,2,0,0,0,0,1,0,0,0,0,0,0,0,0,0,0,0,0,0,0,1,82.41351765084124
158023,Lionel Messi,RW,wide_playmaker,engine,169,67,4,5,99,86,90,92,92,90,90,80,94,88,92,91,90,99,94,99,85,93,99,94,40,75,20,35,24,90,90,78,54,1,0,1,1,0,0,1,0,0,1,0,0,0,0,0,0,0,2,0,0,0,1,0,1,0,2,0,0,0,0,1,0,0,0,0,0,0,0,0,0,0,0,0,0,0,1,85.58704288296802
158023,Lionel Messi,RW,winger,none,169,67,4,5,97,82,90,92,92,90,90,80,90,80,92,87,86,93,90,95,85,93,93,94,40,75,20,35,24,90,90,78,54,1,0,1,1,0,0,1,0,0,1,0,0,0,0,0,0,0,2,0,0,0,1,0,1,0,2,0,0,0,0,1,0,0,0,0,0,0,0,0,0,0,0,0,0,0,1,84.07973483135585
158023,Lionel Messi,RW,winger,hunter,169,67,4,5,99,90,94,99,96,90,99,88,90,80,92,87,86,93,90,95,85,93,93,94,40,75,20,35,24,90,90,78,54,1,0,1,1,0,0,1,0,0,1,0,0,0,0,0,0,0,2,0,0,0,1,0,1,0,2,0,0,0,0,1,0,0,0,0,0,0,0,0,0,0,0,0,0,0,1,87.25490357054596
188377,Kyle Walker,RB,attacking_wingback,none,183,83,3,4,85,94,88,68,99,90,75,83,80,89,82,94,92,88,73,76,94,90,86,83,86,79,83,94,91,92,86,85,89,0,0,0,0,0,0,0,0,2,0,0,1,1,2,1,1,1,0,1,0,0,0,0,0,0,0,0,1,0,0,0,0,0,0,1,0,0,0,0,0,0,0,0,0,0,1,80.56466336594966
188377,Kyle Walker,RB,attacking_wingback,engine,183,83,3,4,89,98,88,68,99,90,75,83,84,97,82,98,96,96,77,84,94,90,94,83,86,79,83,94,91,92,86,85,89,0,0,0,0,0,0,0,0,2,0,0,1,1,2,1,1,1,0,1,0,0,0,0,0,0,0,0,1,0,0,0,0,0,0,1,0,0,0,0,0,0,0,0,0,0,1,84.48175194976922
188377,Kyle Walker,CB,ball_playing_defender,none,183,83,3,4,85,94,88,68,99,90,75,83,80,89,82,94,92,88,73,76,94,90,86,83,86,79,83,94,91,92,86,85,89,0,0,0,0,0,0,0,0,2,0,0,1,1,2,1,1,1,0,1,0,0,0,0,0,0,0,0,1,0,0,0,0,0,0,1,0,0,0,0,0,0,0,0,0,0,1,81.70097255884991
188377,Kyle Walker,CB,ball_playing_defender,shadow,183,83,3,4,93,99,88,68,99,90,75,83,80,89,82,94,92,88,73,76,94,90,86,83,94,83,87,99,99,92,86,85,89,0,0,0,0,0,0,0,0,2,0,0,1,1,2,1,1,1,0,1,0,0,0,0,0,0,0,0,1,0,0,0,0,0,0,1,0,0,0,0,0,0,0,0,0,0,1,85.50831076111612
188377,Kyle Walker,CDM,centre_half,none,183,83,3,4,85,94,88,68,99,90,75,83,80,89,82,94,92,88,73,76,94,90,86,83,86,79,83,94,91,92,86,85,89,0,0,0,0,0,0,0,0,2,0,0,1,1,2,1,1,1,0,1,0,0,0,0,0,0,0,0,1,0,0,0,0,0,0,1,0,0,0,0,0,0,0,0,0,0,1,82.34523122665964
188377,Kyle Walker,CDM,centre_half,shadow,183,83,3,4,93,99,88,68,99,90,75,83,80,89,82,94,92,88,73,76,94,90,86,83,94,83,87,99,99,92,86,85,89,0,0,0,0,0,0,0,0,2,0,0,1,1,2,1,1,1,0,1,0,0,0,0,0,0,0,0,1,0,0,0,0,0,0,1,0,0,0,0,0,0,0,0,0,0,1,86.87780769675507
188377,Kyle Walker,CDM,deep_lying_playmaker,none,183,83,3,4,85,94,88,68,99,90,75,83,80,89,82,94,92,88,73,76,94,90,86,83,86,79,83,94,91,92,86,85,89,0,0,0,0,0,0,0,0,2,0,0,1,1,2,1,1,1,0,1,0,0,0,0,0,0,0,0,1,0,0,0,0,0,0,1,0,0,0,0,0,0,0,0,0,0,1,80.92739164544861
188377,Kyle Walker,CDM,deep_lying_playmaker,basic,183,83,3,4,85,98,92,68,99,90,79,87,84,89,82,98,96,92,77,76,94,94,90,83,86,79,87,98,95,92,86,89,89,0,0,0,0,0,0,0,0,2,0,0,1,1,2,1,1,1,0,1,0,0,0,0,0,0,0,0,1,0,0,0,0,0,0,1,0,0,0,0,0,0,0,0,0,0,1,84.42650233817598
188377,Kyle Walker,CB,defender,none,183,83,3,4,85,94,88,68,99,90,75,83,80,89,82,94,92,88,73,76,94,90,86,83,86,79,83,94,91,92,86,85,89,0,0,0,0,0,0,0,0,2,0,0,1,1,2,1,1,1,0,1,0,0,0,0,0,0,0,0,1,0,0,0,0,0,0,1,0,0,0,0,0,0,0,0,0,0,1,79.83047698015821
188377,Kyle Walker,CB,defender,shadow,183,83,3,4,93,99,88,68,99,90,75,83,80,89,82,94,92,88,73,76,94,90,86,83,94,83,87,99,99,92,86,85,89,0,0,0,0,0,0,0,0,2,0,0,1,1,2,1,1,1,0,1,0,0,0,0,0,0,0,0,1,0,0,0,0,0,0,1,0,0,0,0,0,0,0,0,0,0,1,85.17231582580517
188377,Kyle Walker,RB,falseback,none,183,83,3,4,85,94,88,68,99,90,75,83,80,89,82,94,92,88,73,76,94,90,86,83,86,79,83,94,91,92,86,85,89,0,0,0,0,0,0,0,0,2,0,0,1,1,2,1,1,1,0,1,0,0,0,0,0,0,0,0,1,0,0,0,0,0,0,1,0,0,0,0,0,0,0,0,0,0,1,82.18832348521403
188377,Kyle Walker,RB,falseback,shadow,183,83,3,4,93,99,88,68,99,90,75,83,80,89,82,94,92,88,73,76,94,90,86,83,94,83,87,99,99,92,86,85,89,0,0,0,0,0,0,0,0,2,0,0,1,1,2,1,1,1,0,1,0,0,0,0,0,0,0,0,1,0,0,0,0,0,0,1,0,0,0,0,0,0,0,0,0,0,1,86.34893821787671
188377,Kyle Walker,RB,fullback,none,183,83,3,4,85,94,88,68,99,90,75,83,80,89,82,94,92,88,73,76,94,90,86,83,86,79,83,94,91,92,86,85,89,0,0,0,0,0,0,0,0,2,0,0,1,1,2,1,1,1,0,1,0,0,0,0,0,0,0,0,1,0,0,0,0,0,0,1,0,0,0,0,0,0,0,0,0,0,1,84.09622434215274
188377,Kyle Walker,RB,fullback,shadow,183,83,3,4,93,99,88,68,99,90,75,83,80,89,82,94,92,88,73,76,94,90,86,83,94,83,87,99,99,92,86,85,89,0,0,0,0,0,0,0,0,2,0,0,1,1,2,1,1,1,0,1,0,0,0,0,0,0,0,0,1,0,0,0,0,0,0,1,0,0,0,0,0,0,0,0,0,0,1,89.68261500822257
188377,Kyle Walker,CDM,holding,none,183,83,3,4,85,94,88,68,99,90,75,83,80,89,82,94,92,88,73,76,94,90,86,83,86,79,83,94,91,92,86,85,89,0,0,0,0,0,0,0,0,2,0,0,1,1,2,1,1,1,0,1,0,0,0,0,0,0,0,0,1,0,0,0,0,0,0,1,0,0,0,0,0,0,0,0,0,0,1,82.09366549551255
188377,Kyle Walker,CDM,holding,shadow,183,83,3,4,93,99,88,68,99,90,75,83,80,89,82,94,92,88,73,76,94,90,86,83,94,83,87,99,99,92,86,85,89,0,0,0,0,0,0,0,0,2,0,0,1,1,2,1,1,1,0,1,0,0,0,0,0,0,0,0,1,0,0,0,0,0,0,1,0,0,0,0,0,0,0,0,0,0,1,87.66099913186652
188377,Kyle Walker,CB,stopper,none,183,83,3,4,85,94,88,68,99,90,75,83,80,89,82,94,92,88,73,76,94,90,86,83,86,79,83,94,91,92,86,85,89,0,0,0,0,0,0,0,0,2,0,0,1,1,2,1,1,1,0,1,0,0,0,0,0,0,0,0,1,0,0,0,0,0,0,1,0,0,0,0,0,0,0,0,0,0,1,80.72856749419594
188377,Kyle Walker,CB,stopper,shadow,183,83,3,4,93,99,88,68,99,90,75,83,80,89,82,94,92,88,73,76,94,90,86,83,94,83,87,99,99,92,86,85,89,0,0,0,0,0,0,0,0,2,0,0,1,1,2,1,1,1,0,1,0,0,0,0,0,0,0,0,1,0,0,0,0,0,0,1,0,0,0,0,0,0,0,0,0,0,1,86.10755978820268
188377,Kyle Walker,CDM,wide_half,none,183,83,3,4,85,94,88,68,99,90,75,83,80,89,82,94,92,88,73,76,94,90,86,83,86,79,83,94,91,92,86,85,89,0,0,0,0,0,0,0,0,2,0,0,1,1,2,1,1,1,0,1,0,0,0,0,0,0,0,0,1,0,0,0,0,0,0,1,0,0,0,0,0,0,0,0,0,0,1,80.58936265087212
188377,Kyle Walker,CDM,wide_half,shadow,183,83,3,4,93,99,88,68,99,90,75,83,80,89,82,94,92,88,73,76,94,90,86,83,94,83,87,99,99,92,86,85,89,0,0,0,0,0,0,0,0,2,0,0,1,1,2,1,1,1,0,1,0,0,0,0,0,0,0,0,1,0,0,0,0,0,0,1,0,0,0,0,0,0,0,0,0,0,1,85.19957269437398
188377,Kyle Walker,RB,wingback,none,183,83,3,4,85,94,88,68,99,90,75,83,80,89,82,94,92,88,73,76,94,90,86,83,86,79,83,94,91,92,86,85,89,0,0,0,0,0,0,0,0,2,0,0,1,1,2,1,1,1,0,1,0,0,0,0,0,0,0,0,1,0,0,0,0,0,0,1,0,0,0,0,0,0,0,0,0,0,1,81.90651713274266
188377,Kyle Walker,RB,wingback,shadow,183,83,3,4,93,99,88,68,99,90,75,83,80,89,82,94,92,88,73,76,94,90,86,83,94,83,87,99,99,92,86,85,89,0,0,0,0,0,0,0,0,2,0,0,1,1,2,1,1,1,0,1,0,0,0,0,0,0,0,0,1,0,0,0,0,0,0,1,0,0,0,0,0,0,0,0,0,0,1,86.81594395240302
235243,Matthijs de Ligt,CB,ball_playing_defender,none,189,89,3,5,82,89,58,66,99,98,59,52,63,73,77,99,99,67,66,79,99,91,82,99,87,91,90,90,91,88,66,93,87,0,0,1,0,0,0,1,2,1,1,0,0,1,0,2,0,1,1,0,0,0,0,0,0,0,0,0,0,0,0,0,0,0,0,0,1,0,0,0,0,0,0,0,0,0,1,83.0580040154139
235243,Matthijs de Ligt,CB,ball_playing_defender,shadow,189,89,3,5,90,97,58,66,99,98,59,52,63,73,77,99,99,67,66,79,99,91,82,99,95,95,94,98,99,88,66,93,87,0,0,1,0,0,0,1,2,1,1,0,0,1,0,2,0,1,1,0,0,0,0,0,0,0,0,0,0,0,0,0,0,0,0,0,1,0,0,0,0,0,0,0,0,0,1,87.4678711277716
235243,Matthijs de Ligt,CDM,centre_half,none,189,89,3,5,82,89,58,66,99,98,59,52,63,73,77,99,99,67,66,79,99,91,82,99,87,91,90,90,91,88,66,93,87,0,0,1,0,0,0,1,2,1,1,0,0,1,0,2,0,1,1,0,0,0,0,0,0,0,0,0,0,0,0,0,0,0,0,0,1,0,0,0,0,0,0,0,0,0,1,85.8916882914391
235243,Matthijs de Ligt,CDM,centre_half,shadow,189,89,3,5,90,97,58,66,99,98,59,52,63,73,77,99,99,67,66,79,99,91,82,99,95,95,94,98,99,88,66,93,87,0,0,1,0,0,0,1,2,1,1,0,0,1,0,2,0,1,1,0,0,0,0,0,0,0,0,0,0,0,0,0,0,0,0,0,1,0,0,0,0,0,0,0,0,0,1,91.27745807581115
235243,Matthijs de Ligt,CDM,deep_lying_playmaker,none,189,89,3,5,82,89,58,66,99,98,59,52,63,73,77,99,99,67,66,79,99,91,82,99,87,91,90,90,91,88,66,93,87,0,0,1,0,0,0,1,2,1,1,0,0,1,0,2,0,1,1,0,0,0,0,0,0,0,0,0,0,0,0,0,0,0,0,0,1,0,0,0,0,0,0,0,0,0,1,83.07097530732295
235243,Matthijs de Ligt,CDM,deep_lying_playmaker,shadow,189,89,3,5,90,97,58,66,99,98,59,52,63,73,77,99,99,67,66,79,99,91,82,99,95,95,94,98,99,88,66,93,87,0,0,1,0,0,0,1,2,1,1,0,0,1,0,2,0,1,1,0,0,0,0,0,0,0,0,0,0,0,0,0,0,0,0,0,1,0,0,0,0,0,0,0,0,0,1,87.08257577452258
235243,Matthijs de Ligt,CB,defender,none,189,89,3,5,82,89,58,66,99,98,59,52,63,73,77,99,99,67,66,79,99,91,82,99,87,91,90,90,91,88,66,93,87,0,0,1,0,0,0,1,2,1,1,0,0,1,0,2,0,1,1,0,0,0,0,0,0,0,0,0,0,0,0,0,0,0,0,0,1,0,0,0,0,0,0,0,0,0,1,83.42930450463291
235243,Matthijs de Ligt,CB,defender,shadow,189,89,3,5,90,97,58,66,99,98,59,52,63,73,77,99,99,67,66,79,99,91,82,99,95,95,94,98,99,88,66,93,87,0,0,1,0,0,0,1,2,1,1,0,0,1,0,2,0,1,1,0,0,0,0,0,0,0,0,0,0,0,0,0,0,0,0,0,1,0,0,0,0,0,0,0,0,0,1,89.60923713133229
235243,Matthijs de Ligt,CDM,holding,none,189,89,3,5,82,89,58,66,99,98,59,52,63,73,77,99,99,67,66,79,99,91,82,99,87,91,90,90,91,88,66,93,87,0,0,1,0,0,0,1,2,1,1,0,0,1,0,2,0,1,1,0,0,0,0,0,0,0,0,0,0,0,0,0,0,0,0,0,1,0,0,0,0,0,0,0,0,0,1,84.71085005374351
235243,Matthijs de Ligt,CDM,holding,shadow,189,89,3,5,90,97,58,66,99,98,59,52,63,73,77,99,99,67,66,79,99,91,82,99,95,95,94,98,99,88,66,93,87,0,0,1,0,0,0,1,2,1,1,0,0,1,0,2,0,1,1,0,0,0,0,0,0,0,0,0,0,0,0,0,0,0,0,0,1,0,0,0,0,0,0,0,0,0,1,91.15480086169815
235243,Matthijs de Ligt,CB,stopper,none,189,89,3,5,82,89,58,66,99,98,59,52,63,73,77,99,99,67,66,79,99,91,82,99,87,91,90,90,91,88,66,93,87,0,0,1,0,0,0,1,2,1,1,0,0,1,0,2,0,1,1,0,0,0,0,0,0,0,0,0,0,0,0,0,0,0,0,0,1,0,0,0,0,0,0,0,0,0,1,80.27210182033922
235243,Matthijs de Ligt,CB,stopper,shadow,189,89,3,5,90,97,58,66,99,98,59,52,63,73,77,99,99,67,66,79,99,91,82,99,95,95,94,98,99,88,66,93,87,0,0,1,0,0,0,1,2,1,1,0,0,1,0,2,0,1,1,0,0,0,0,0,0,0,0,0,0,0,0,0,0,0,0,0,1,0,0,0,0,0,0,0,0,0,1,86.61803988126242
235243,Matthijs de Ligt,CDM,wide_half,none,189,89,3,5,82,89,58,66,99,98,59,52,63,73,77,99,99,67,66,79,99,91,82,99,87,91,90,90,91,88,66,93,87,0,0,1,0,0,0,1,2,1,1,0,0,1,0,2,0,1,1,0,0,0,0,0,0,0,0,0,0,0,0,0,0,0,0,0,1,0,0,0,0,0,0,0,0,0,1,82.31564787905485
235243,Matthijs de Ligt,CDM,wide_half,shadow,189,89,3,5,90,97,58,66,99,98,59,52,63,73,77,99,99,67,66,79,99,91,82,99,95,95,94,98,99,88,66,93,87,0,0,1,0,0,0,1,2,1,1,0,0,1,0,2,0,1,1,0,0,0,0,0,0,0,0,0,0,0,0,0,0,0,0,0,1,0,0,0,0,0,0,0,0,0,1,87.77790153956765
236401,Noussair Mazraoui,RB,attacking_wingback,none,183,65,3,5,95,85,80,69,68,61,56,44,87,89,47,93,86,78,95,82,87,93,92,87,91,74,86,87,91,84,82,74,75,0,0,0,0,0,0,0,2,0,0,0,1,0,2,1,0,1,1,2,1,0,0,0,0,0,0,0,0,0,0,0,0,1,0,0,0,1,0,0,0,0,0,0,0,0,0,81.41122243353617
236401,Noussair Mazraoui,RB,attacking_wingback,engine,183,65,3,5,99,89,80,69,68,61,56,44,91,97,47,97,90,86,99,90,87,93,99,87,91,74,86,87,91,84,82,74,75,0,0,0,0,0,0,0,2,0,0,0,1,0,2,1,0,1,1,2,1,0,0,0,0,0,0,0,0,0,0,0,0,1,0,0,0,1,0,0,0,0,0,0,0,0,0,85.24826223995423
236401,Noussair Mazraoui,RB,falseback,none,183,65,3,5,95,85,80,69,68,61,56,44,87,89,47,93,86,78,95,82,87,93,92,87,91,74,86,87,91,84,82,74,75,0,0,0,0,0,0,0,2,0,0,0,1,0,2,1,0,1,1,2,1,0,0,0,0,0,0,0,0,0,0,0,0,1,0,0,0,1,0,0,0,0,0,0,0,0,0,83.6881249062066
236401,Noussair Mazraoui,RB,falseback,powerhouse,183,65,3,5,95,85,80,69,68,61,56,44,99,93,47,99,94,82,95,82,87,93,92,87,99,74,90,99,91,84,82,74,75,0,0,0,0,0,0,0,2,0,0,0,1,0,2,1,0,1,1,2,1,0,0,0,0,0,0,0,0,0,0,0,0,1,0,0,0,1,0,0,0,0,0,0,0,0,0,88.54536943712056
236401,Noussair Mazraoui,RB,fullback,none,183,65,3,5,95,85,80,69,68,61,56,44,87,89,47,93,86,78,95,82,87,93,92,87,91,74,86,87,91,84,82,74,75,0,0,0,0,0,0,0,2,0,0,0,1,0,2,1,0,1,1,2,1,0,0,0,0,0,0,0,0,0,0,0,0,1,0,0,0,1,0,0,0,0,0,0,0,0,0,84.02655034745133
236401,Noussair Mazraoui,RB,fullback,shadow,183,65,3,5,99,93,80,69,68,61,56,44,87,89,47,93,86,78,95,82,87,93,92,87,99,78,90,95,99,84,82,74,75,0,0,0,0,0,0,0,2,0,0,0,1,0,2,1,0,1,1,2,1,0,0,0,0,0,0,0,0,0,0,0,0,1,0,0,0,1,0,0,0,0,0,0,0,0,0,89.59528029700205
236401,Noussair Mazraoui,RB,wingback,none,183,65,3,5,95,85,80,69,68,61,56,44,87,89,47,93,86,78,95,82,87,93,92,87,91,74,86,87,91,84,82,74,75,0,0,0,0,0,0,0,2,0,0,0,1,0,2,1,0,1,1,2,1,0,0,0,0,0,0,0,0,0,0,0,0,1,0,0,0,1,0,0,0,0,0,0,0,0,0,82.79468289785744
236401,Noussair Mazraoui,RB,wingback,shadow,183,65,3,5,99,93,80,69,68,61,56,44,87,89,47,93,86,78,95,82,87,93,92,87,99,78,90,95,99,84,82,74,75,0,0,0,0,0,0,0,2,0,0,0,1,0,2,1,0,1,1,2,1,0,0,0,0,0,0,0,0,0,0,0,0,1,0,0,0,1,0,0,0,0,0,0,0,0,0,87.74045500904293
250961,Joshua Zirkzee,ST,advanced_forward,none,193,89,5,5,91,90,99,95,92,91,91,93,84,62,71,84,73,73,90,65,84,92,90,89,32,83,45,34,32,99,94,99,69,1,1,1,0,0,0,1,0,0,0,0,0,0,0,0,0,0,1,0,1,1,2,2,0,0,1,0,0,0,0,0,0,0,1,0,0,0,0,0,1,0,0,0,0,0,0,85.1707465878748
250961,Joshua Zirkzee,ST,advanced_forward,hunter,193,89,5,5,99,98,99,99,96,91,99,99,84,62,71,84,73,73,90,65,84,92,90,89,32,83,45,34,32,99,94,99,69,1,1,1,0,0,0,1,0,0,0,0,0,0,0,0,0,0,1,0,1,1,2,2,0,0,1,0,0,0,0,0,0,0,1,0,0,0,0,0,1,0,0,0,0,0,0,89.25448735395322
250961,Joshua Zirkzee,ST,false_nine,none,193,89,5,5,91,90,99,95,92,91,91,93,84,62,71,84,73,73,90,65,84,92,90,89,32,83,45,34,32,99,94,99,69,1,1,1,0,0,0,1,0,0,0,0,0,0,0,0,0,0,1,0,1,1,2,2,0,0,1,0,0,0,0,0,0,0,1,0,0,0,0,0,1,0,0,0,0,0,0,81.5371775178526
250961,Joshua Zirkzee,ST,false_nine,engine,193,89,5,5,95,94,99,95,92,91,91,93,88,70,71,88,77,81,94,73,84,92,98,89,32,83,45,34,32,99,94,99,69,1,1,1,0,0,0,1,0,0,0,0,0,0,0,0,0,0,1,0,1,1,2,2,0,0,1,0,0,0,0,0,0,0,1,0,0,0,0,0,1,0,0,0,0,0,0,85.44043247557224
250961,Joshua Zirkzee,ST,poacher,none,193,89,5,5,91,90,99,95,92,91,91,93,84,62,71,84,73,73,90,65,84,92,90,89,32,83,45,34,32,99,94,99,69,1,1,1,0,0,0,1,0,0,0,0,0,0,0,0,0,0,1,0,1,1,2,2,0,0,1,0,0,0,0,0,0,0,1,0,0,0,0,0,1,0,0,0,0,0,0,84.45526646448747
250961,Joshua Zirkzee,ST,poacher,hunter,193,89,5,5,99,98,99,99,96,91,99,99,84,62,71,84,73,73,90,65,84,92,90,89,32,83,45,34,32,99,94,99,69,1,1,1,0,0,0,1,0,0,0,0,0,0,0,0,0,0,1,0,1,1,2,2,0,0,1,0,0,0,0,0,0,0,1,0,0,0,0,0,1,0,0,0,0,0,0,88.13716043449602
250961,Joshua Zirkzee,ST,target_forward,none,193,89,5,5,91,90,99,95,92,91,91,93,84,62,71,84,73,73,90,65,84,92,90,89,32,83,45,34,32,99,94,99,69,1,1,1,0,0,0,1,0,0,0,0,0,0,0,0,0,0,1,0,1,1,2,2,0,0,1,0,0,0,0,0,0,0,1,0,0,0,0,0,1,0,0,0,0,0,0,86.16595691477647
250961,Joshua Zirkzee,ST,target_forward,hunter,193,89,5,5,99,98,99,99,96,91,99,99,84,62,71,84,73,73,90,65,84,92,90,89,32,83,45,34,32,99,94,99,69,1,1,1,0,0,0,1,0,0,0,0,0,0,0,0,0,0,1,0,1,1,2,2,0,0,1,0,0,0,0,0,0,0,1,0,0,0,0,0,1,0,0,0,0,0,0,89.07121156636799
254088,Amad Diallo,ST,advanced_forward,none,173,67,5,4,94,88,97,97,97,90,71,83,94,91,80,91,80,95,99,99,79,92,91,79,22,48,19,25,22,93,99,68,64,1,0,0,1,0,1,0,0,0,0,0,0,0,0,0,0,0,2,0,1,1,2,0,0,0,1,0,0,0,1,0,0,0,0,0,0,1,0,0,0,0,0,0,0,0,0,82.52068989209344
254088,Amad Diallo,ST,advanced_forward,hunter,173,67,5,4,99,96,99,99,99,90,83,91,94,91,80,91,80,95,99,99,79,92,91,79,22,48,19,25,22,93,99,68,64,1,0,0,1,0,1,0,0,0,0,0,0,0,0,0,0,0,2,0,1,1,2,0,0,0,1,0,0,0,1,0,0,0,0,0,0,1,0,0,0,0,0,0,0,0,0,85.82699360983378
254088,Amad Diallo,CAM,classic_ten,none,173,67,5,4,94,88,97,97,97,90,71,83,94,91,80,91,80,95,99,99,79,92,91,79,22,48,19,25,22,93,99,68,64,1,0,0,1,0,1,0,0,0,0,0,0,0,0,0,0,0,2,0,1,1,2,0,0,0,1,0,0,0,1,0,0,0,0,0,0,1,0,0,0,0,0,0,0,0,0,85.57582725660878
254088,Amad Diallo,CAM,classic_ten,catalyst,173,67,5,4,99,96,97,97,97,90,71,83,94,99,88,95,88,99,99,99,79,92,91,79,22,48,19,25,22,93,99,68,64,1,0,0,1,0,1,0,0,0,0,0,0,0,0,0,0,0,2,0,1,1,2,0,0,0,1,0,0,0,1,0,0,0,0,0,0,1,0,0,0,0,0,0,0,0,0,88.85418361054265
254088,Amad Diallo,ST,false_nine,none,173,67,5,4,94,88,97,97,97,90,71,83,94,91,80,91,80,95,99,99,79,92,91,79,22,48,19,25,22,93,99,68,64,1,0,0,1,0,1,0,0,0,0,0,0,0,0,0,0,0,2,0,1,1,2,0,0,0,1,0,0,0,1,0,0,0,0,0,0,1,0,0,0,0,0,0,0,0,0,84.88778477585528
254088,Amad Diallo,ST,false_nine,maestro,173,67,5,4,94,88,97,97,99,98,75,83,98,91,88,95,88,95,99,99,87,92,99,79,22,48,19,25,22,93,99,68,64,1,0,0,1,0,1,0,0,0,0,0,0,0,0,0,0,0,2,0,1,1,2,0,0,0,1,0,0,0,1,0,0,0,0,0,0,1,0,0,0,0,0,0,0,0,0,88.23898563978489
254088,Amad Diallo,CAM,half_winger,none,173,67,5,4,94,88,97,97,97,90,71,83,94,91,80,91,80,95,99,99,79,92,91,79,22,48,19,25,22,93,99,68,64,1,0,0,1,0,1,0,0,0,0,0,0,0,0,0,0,0,2,0,1,1,2,0,0,0,1,0,0,0,1,0,0,0,0,0,0,1,0,0,0,0,0,0,0,0,0,80.80667825984294
254088,Amad Diallo,CAM,half_winger,catalyst,173,67,5,4,99,96,97,97,97,90,71,83,94,99,88,95,88,99,99,99,79,92,91,79,22,48,19,25,22,93,99,68,64,1,0,0,1,0,1,0,0,0,0,0,0,0,0,0,0,0,2,0,1,1,2,0,0,0,1,0,0,0,1,0,0,0,0,0,0,1,0,0,0,0,0,0,0,0,0,84.53918054123987
254088,Amad Diallo,RW,inside_forward,none,173,67,5,4,94,88,97,97,97,90,71,83,94,91,80,91,80,95,99,99,79,92,91,79,22,48,19,25,22,93,99,68,64,1,0,0,1,0,1,0,0,0,0,0,0,0,0,0,0,0,2,0,1,1,2,0,0,0,1,0,0,0,1,0,0,0,0,0,0,1,0,0,0,0,0,0,0,0,0,85.8300760962503
254088,Amad Diallo,RW,inside_forward,engine,173,67,5,4,98,92,97,97,97,90,71,83,98,99,80,95,84,99,99,99,79,92,99,79,22,48,19,25,22,93,99,68,64,1,0,0,1,0,1,0,0,0,0,0,0,0,0,0,0,0,2,0,1,1,2,0,0,0,1,0,0,0,1,0,0,0,0,0,0,1,0,0,0,0,0,0,0,0,0,88.52718948651086
254088,Amad Diallo,CAM,playmaker,none,173,67,5,4,94,88,97,97,97,90,71,83,94,91,80,91,80,95,99,99,79,92,91,79,22,48,19,25,22,93,99,68,64,1,0,0,1,0,1,0,0,0,0,0,0,0,0,0,0,0,2,0,1,1,2,0,0,0,1,0,0,0,1,0,0,0,0,0,0,1,0,0,0,0,0,0,0,0,0,82.07936979823916
254088,Amad Diallo,CAM,playmaker,catalyst,173,67,5,4,99,96,97,97,97,90,71,83,94,99,88,95,88,99,99,99,79,92,91,79,22,48,19,25,22,93,99,68,64,1,0,0,1,0,1,0,0,0,0,0,0,0,0,0,0,0,2,0,1,1,2,0,0,0,1,0,0,0,1,0,0,0,0,0,0,1,0,0,0,0,0,0,0,0,0,85.17454465997054
254088,Amad Diallo,ST,poacher,none,173,67,5,4,94,88,97,97,97,90,71,83,94,91,80,91,80,95,99,99,79,92,91,79,22,48,19,25,22,93,99,68,64,1,0,0,1,0,1,0,0,0,0,0,0,0,0,0,0,0,2,0,1,1,2,0,0,0,1,0,0,0,1,0,0,0,0,0,0,1,0,0,0,0,0,0,0,0,0,82.30712088753556
254088,Amad Diallo,ST,poacher,hunter,173,67,5,4,99,96,99,99,99,90,83,91,94,91,80,91,80,95,99,99,79,92,91,79,22,48,19,25,22,93,99,68,64,1,0,0,1,0,1,0,0,0,0,0,0,0,0,0,0,0,2,0,1,1,2,0,0,0,1,0,0,0,1,0,0,0,0,0,0,1,0,0,0,0,0,0,0,0,0,85.33352243186245
254088,Amad Diallo,CAM,shadow_striker,none,173,67,5,4,94,88,97,97,97,90,71,83,94,91,80,91,80,95,99,99,79,92,91,79,22,48,19,25,22,93,99,68,64,1,0,0,1,0,1,0,0,0,0,0,0,0,0,0,0,0,2,0,1,1,2,0,0,0,1,0,0,0,1,0,0,0,0,0,0,1,0,0,0,0,0,0,0,0,0,86.40958818380666
254088,Amad Diallo,CAM,shadow_striker,catalyst,173,67,5,4,99,96,97,97,97,90,71,83,94,99,88,95,88,99,99,99,79,92,91,79,22,48,19,25,22,93,99,68,64,1,0,0,1,0,1,0,0,0,0,0,0,0,0,0,0,0,2,0,1,1,2,0,0,0,1,0,0,0,1,0,0,0,0,0,0,1,0,0,0,0,0,0,0,0,0,89.441131615838
254088,Amad Diallo,ST,target_forward,none,173,67,5,4,94,88,97,97,97,90,71,83,94,91,80,91,80,95,99,99,79,92,91,79,22,48,19,25,22,93,99,68,64,1,0,0,1,0,1,0,0,0,0,0,0,0,0,0,0,0,2,0,1,1,2,0,0,0,1,0,0,0,1,0,0,0,0,0,0,1,0,0,0,0,0,0,0,0,0,67.01780300451323
254088,Amad Diallo,ST,target_forward,hawk,173,67,5,4,98,92,99,99,99,98,71,87,94,91,80,91,80,95,99,99,79,92,91,79,22,48,19,25,22,99,99,72,72,1,0,0,1,0,1,0,0,0,0,0,0,0,0,0,0,0,2,0,1,1,2,0,0,0,1,0,0,0,1,0,0,0,0,0,0,1,0,0,0,0,0,0,0,0,0,70.07334186853531
254088,Amad Diallo,RM,wide_midfielder,none,173,67,5,4,94,88,97,97,97,90,71,83,94,91,80,91,80,95,99,99,79,92,91,79,22,48,19,25,22,93,99,68,64,1,0,0,1,0,1,0,0,0,0,0,0,0,0,0,0,0,2,0,1,1,2,0,0,0,1,0,0,0,1,0,0,0,0,0,0,1,0,0,0,0,0,0,0,0,0,83.44745839139252
254088,Amad Diallo,RM,wide_midfielder,catalyst,173,67,5,4,99,96,97,97,97,90,71,83,94,99,88,95,88,99,99,99,79,92,91,79,22,48,19,25,22,93,99,68,64,1,0,0,1,0,1,0,0,0,0,0,0,0,0,0,0,0,2,0,1,1,2,0,0,0,1,0,0,0,1,0,0,0,0,0,0,1,0,0,0,0,0,0,0,0,0,86.63781994780408
254088,Amad Diallo,RW,wide_playmaker,none,173,67,5,4,94,88,97,97,97,90,71,83,94,91,80,91,80,95,99,99,79,92,91,79,22,48,19,25,22,93,99,68,64,1,0,0,1,0,1,0,0,0,0,0,0,0,0,0,0,0,2,0,1,1,2,0,0,0,1,0,0,0,1,0,0,0,0,0,0,1,0,0,0,0,0,0,0,0,0,82.73252475951534
254088,Amad Diallo,RW,wide_playmaker,catalyst,173,67,5,4,99,96,97,97,97,90,71,83,94,99,88,95,88,99,99,99,79,92,91,79,22,48,19,25,22,93,99,68,64,1,0,0,1,0,1,0,0,0,0,0,0,0,0,0,0,0,2,0,1,1,2,0,0,0,1,0,0,0,1,0,0,0,0,0,0,1,0,0,0,0,0,0,0,0,0,86.18331717721651
254088,Amad Diallo,RW,winger,none,173,67,5,4,94,88,97,97,97,90,71,83,94,91,80,91,80,95,99,99,79,92,91,79,22,48,19,25,22,93,99,68,64,1,0,0,1,0,1,0,0,0,0,0,0,0,0,0,0,0,2,0,1,1,2,0,0,0,1,0,0,0,1,0,0,0,0,0,0,1,0,0,0,0,0,0,0,0,0,86.13783715743664
254088,Amad Diallo,RW,winger,catalyst,173,67,5,4,99,96,97,97,97,90,71,83,94,99,88,95,88,99,99,99,79,92,91,79,22,48,19,25,22,93,99,68,64,1,0,0,1,0,1,0,0,0,0,0,0,0,0,0,0,0,2,0,1,1,2,0,0,0,1,0,0,0,1,0,0,0,0,0,0,1,0,0,0,0,0,0,0,0,0,89.5001753811827
255475,Antony,RW,inside_forward,none,172,63,5,4,96,88,93,88,94,93,80,85,88,86,84,88,74,99,98,99,83,90,88,86,81,73,65,73,47,76,93,67,96,2,0,0,0,0,0,0,0,0,0,0,0,0,0,0,0,0,1,0,1,0,1,2,0,0,0,0,0,0,1,0,0,0,0,0,0,1,0,0,0,0,0,0,0,0,0,83.20825525424972
255475,Antony,RW,inside_forward,finisher,172,63,5,4,96,88,99,99,98,93,88,89,88,86,84,88,74,99,99,99,83,90,99,86,81,73,65,73,47,76,93,67,96,2,0,0,0,0,0,0,0,0,0,0,0,0,0,0,0,0,1,0,1,0,1,2,0,0,0,0,0,0,1,0,0,0,0,0,0,1,0,0,0,0,0,0,0,0,0,86.53691636167152
255475,Antony,RM,wide_midfielder,none,172,63,5,4,96,88,93,88,94,93,80,85,88,86,84,88,74,99,98,99,83,90,88,86,81,73,65,73,47,76,93,67,96,2,0,0,0,0,0,0,0,0,0,0,0,0,0,0,0,0,1,0,1,0,1,2,0,0,0,0,0,0,1,0,0,0,0,0,0,1,0,0,0,0,0,0,0,0,0,82.514830938765
255475,Antony,RM,wide_midfielder,catalyst,172,63,5,4,99,96,93,88,94,93,80,85,88,98,92,92,82,99,98,99,83,90,88,86,81,73,65,73,47,76,93,67,96,2,0,0,0,0,0,0,0,0,0,0,0,0,0,0,0,0,1,0,1,0,1,2,0,0,0,0,0,0,1,0,0,0,0,0,0,1,0,0,0,0,0,0,0,0,0,85.5080488957262
255475,Antony,RW,wide_playmaker,none,172,63,5,4,96,88,93,88,94,93,80,85,88,86,84,88,74,99,98,99,83,90,88,86,81,73,65,73,47,76,93,67,96,2,0,0,0,0,0,0,0,0,0,0,0,0,0,0,0,0,1,0,1,0,1,2,0,0,0,0,0,0,1,0,0,0,0,0,0,1,0,0,0,0,0,0,0,0,0,80.52390135836282
255475,Antony,RW,wide_playmaker,engine,172,63,5,4,99,92,93,88,94,93,80,85,92,94,84,92,78,99,99,99,83,90,96,86,81,73,65,73,47,76,93,67,96,2,0,0,0,0,0,0,0,0,0,0,0,0,0,0,0,0,1,0,1,0,1,2,0,0,0,0,0,0,1,0,0,0,0,0,0,1,0,0,0,0,0,0,0,0,0,83.4963269962128
255475,Antony,RW,winger,none,172,63,5,4,96,88,93,88,94,93,80,85,88,86,84,88,74,99,98,99,83,90,88,86,81,73,65,73,47,76,93,67,96,2,0,0,0,0,0,0,0,0,0,0,0,0,0,0,0,0,1,0,1,0,1,2,0,0,0,0,0,0,1,0,0,0,0,0,0,1,0,0,0,0,0,0,0,0,0,83.2746392467973
255475,Antony,RW,winger,hunter,172,63,5,4,99,96,97,96,98,93,92,93,88,86,84,88,74,99,98,99,83,90,88,86,81,73,65,73,47,76,93,67,96,2,0,0,0,0,0,0,0,0,0,0,0,0,0,0,0,0,1,0,1,0,1,2,0,0,0,0,0,0,1,0,0,0,0,0,0,1,0,0,0,0,0,0,0,0,0,86.7900176392242
257534,Cole Palmer,CAM,classic_ten,none,189,74,5,4,89,94,94,92,89,88,74,98,90,90,99,92,89,99,84,80,90,93,94,93,73,86,62,74,56,86,95,74,73,2,0,0,1,0,0,1,0,0,0,1,0,0,0,0,0,0,2,0,1,1,0,2,0,0,0,0,0,0,0,0,0,1,0,0,0,0,0,0,1,0,0,0,0,0,0,85.60126191651753
257534,Cole Palmer,CAM,classic_ten,engine,189,74,5,4,93,98,94,92,89,88,74,98,94,98,99,96,93,99,88,88,90,93,99,93,73,86,62,74,56,86,95,74,73,2,0,0,1,0,0,1,0,0,0,1,0,0,0,0,0,0,2,0,1,1,0,2,0,0,0,0,0,0,0,0,0,1,0,0,0,0,0,0,1,0,0,0,0,0,0,89.06406214560006
257534,Cole Palmer,CAM,half_winger,none,189,74,5,4,89,94,94,92,89,88,74,98,90,90,99,92,89,99,84,80,90,93,94,93,73,86,62,74,56,86,95,74,73,2,0,0,1,0,0,1,0,0,0,1,0,0,0,0,0,0,2,0,1,1,0,2,0,0,0,0,0,0,0,0,0,1,0,0,0,0,0,0,1,0,0,0,0,0,0,82.42112742193741
257534,Cole Palmer,CAM,half_winger,catalyst,189,74,5,4,97,99,94,92,89,88,74,98,90,99,99,96,97,99,84,80,90,93,94,93,73,86,62,74,56,86,95,74,73,2,0,0,1,0,0,1,0,0,0,1,0,0,0,0,0,0,2,0,1,1,0,2,0,0,0,0,0,0,0,0,0,1,0,0,0,0,0,0,1,0,0,0,0,0,0,86.07875472942631
257534,Cole Palmer,RW,inside_forward,none,189,74,5,4,89,94,94,92,89,88,74,98,90,90,99,92,89,99,84,80,90,93,94,93,73,86,62,74,56,86,95,74,73,2,0,0,1,0,0,1,0,0,0,1,0,0,0,0,0,0,2,0,1,1,0,2,0,0,0,0,0,0,0,0,0,1,0,0,0,0,0,0,1,0,0,0,0,0,0,83.7270986615228
257534,Cole Palmer,RW,inside_forward,hunter,189,74,5,4,97,99,98,99,93,88,86,99,90,90,99,92,89,99,84,80,90,93,94,93,73,86,62,74,56,86,95,74,73,2,0,0,1,0,0,1,0,0,0,1,0,0,0,0,0,0,2,0,1,1,0,2,0,0,0,0,0,0,0,0,0,1,0,0,0,0,0,0,1,0,0,0,0,0,0,87.19073263235778
257534,Cole Palmer,CAM,playmaker,none,189,74,5,4,89,94,94,92,89,88,74,98,90,90,99,92,89,99,84,80,90,93,94,93,73,86,62,74,56,86,95,74,73,2,0,0,1,0,0,1,0,0,0,1,0,0,0,0,0,0,2,0,1,1,0,2,0,0,0,0,0,0,0,0,0,1,0,0,0,0,0,0,1,0,0,0,0,0,0,84.84513313200786
257534,Cole Palmer,CAM,playmaker,maestro,189,74,5,4,89,94,94,92,97,96,78,98,94,90,99,96,97,99,84,80,98,93,99,93,73,86,62,74,56,86,95,74,73,2,0,0,1,0,0,1,0,0,0,1,0,0,0,0,0,0,2,0,1,1,0,2,0,0,0,0,0,0,0,0,0,1,0,0,0,0,0,0,1,0,0,0,0,0,0,87.93380978446194
257534,Cole Palmer,CAM,shadow_striker,none,189,74,5,4,89,94,94,92,89,88,74,98,90,90,99,92,89,99,84,80,90,93,94,93,73,86,62,74,56,86,95,74,73,2,0,0,1,0,0,1,0,0,0,1,0,0,0,0,0,0,2,0,1,1,0,2,0,0,0,0,0,0,0,0,0,1,0,0,0,0,0,0,1,0,0,0,0,0,0,85.76097848669303
257534,Cole Palmer,CAM,shadow_striker,hunter,189,74,5,4,97,99,98,99,93,88,86,99,90,90,99,92,89,99,84,80,90,93,94,93,73,86,62,74,56,86,95,74,73,2,0,0,1,0,0,1,0,0,0,1,0,0,0,0,0,0,2,0,1,1,0,2,0,0,0,0,0,0,0,0,0,1,0,0,0,0,0,0,1,0,0,0,0,0,0,89.09114367476909
257534,Cole Palmer,RM,wide_midfielder,none,189,74,5,4,89,94,94,92,89,88,74,98,90,90,99,92,89,99,84,80,90,93,94,93,73,86,62,74,56,86,95,74,73,2,0,0,1,0,0,1,0,0,0,1,0,0,0,0,0,0,2,0,1,1,0,2,0,0,0,0,0,0,0,0,0,1,0,0,0,0,0,0,1,0,0,0,0,0,0,83.58156963986768
257534,Cole Palmer,RM,wide_midfielder,engine,189,74,5,4,93,98,94,92,89,88,74,98,94,98,99,96,93,99,88,88,90,93,99,93,73,86,62,74,56,86,95,74,73,2,0,0,1,0,0,1,0,0,0,1,0,0,0,0,0,0,2,0,1,1,0,2,0,0,0,0,0,0,0,0,0,1,0,0,0,0,0,0,1,0,0,0,0,0,0,87.01491448076357
257534,Cole Palmer,RW,wide_playmaker,none,189,74,5,4,89,94,94,92,89,88,74,98,90,90,99,92,89,99,84,80,90,93,94,93,73,86,62,74,56,86,95,74,73,2,0,0,1,0,0,1,0,0,0,1,0,0,0,0,0,0,2,0,1,1,0,2,0,0,0,0,0,0,0,0,0,1,0,0,0,0,0,0,1,0,0,0,0,0,0,83.39387373697961
257534,Cole Palmer,RW,wide_playmaker,engine,189,74,5,4,93,98,94,92,89,88,74,98,94,98,99,96,93,99,88,88,90,93,99,93,73,86,62,74,56,86,95,74,73,2,0,0,1,0,0,1,0,0,0,1,0,0,0,0,0,0,2,0,1,1,0,2,0,0,0,0,0,0,0,0,0,1,0,0,0,0,0,0,1,0,0,0,0,0,0,86.76734129152284
257534,Cole Palmer,RW,winger,none,189,74,5,4,89,94,94,92,89,88,74,98,90,90,99,92,89,99,84,80,90,93,94,93,73,86,62,74,56,86,95,74,73,2,0,0,1,0,0,1,0,0,0,1,0,0,0,0,0,0,2,0,1,1,0,2,0,0,0,0,0,0,0,0,0,1,0,0,0,0,0,0,1,0,0,0,0,0,0,84.79987408765093
257534,Cole Palmer,RW,winger,hunter,189,74,5,4,97,99,98,99,93,88,86,99,90,90,99,92,89,99,84,80,90,93,94,93,73,86,62,74,56,86,95,74,73,2,0,0,1,0,0,1,0,0,0,1,0,0,0,0,0,0,2,0,1,1,0,2,0,0,0,0,0,0,0,0,0,1,0,0,0,0,0,0,1,0,0,0,0,0,0,88.58246113057893
265311,Alisha Lehmann,CAM,classic_ten,none,165,55,5,4,94,90,98,89,93,87,81,92,91,91,91,91,82,91,90,82,90,90,90,90,47,39,54,68,67,70,89,68,81,2,0,0,0,0,0,0,1,0,1,0,0,0,0,0,0,0,1,2,1,0,1,1,1,0,1,0,0,0,1,0,0,0,0,0,0,0,0,0,0,0,0,0,1,0,0,84.98720831385488
265311,Alisha Lehmann,CAM,classic_ten,engine,165,55,5,4,98,94,98,89,93,87,81,92,95,99,91,95,86,99,94,90,90,90,98,90,47,39,54,68,67,70,89,68,81,2,0,0,0,0,0,0,1,0,1,0,0,0,0,0,0,0,1,2,1,0,1,1,1,0,1,0,0,0,1,0,0,0,0,0,0,0,0,0,0,0,0,0,1,0,0,88.92788584157347
265311,Alisha Lehmann,CAM,half_winger,none,165,55,5,4,94,90,98,89,93,87,81,92,91,91,91,91,82,91,90,82,90,90,90,90,47,39,54,68,67,70,89,68,81,2,0,0,0,0,0,0,1,0,1,0,0,0,0,0,0,0,1,2,1,0,1,1,1,0,1,0,0,0,1,0,0,0,0,0,0,0,0,0,0,0,0,0,1,0,0,81.27195103532745
265311,Alisha Lehmann,CAM,half_winger,engine,165,55,5,4,98,94,98,89,93,87,81,92,95,99,91,95,86,99,94,90,90,90,98,90,47,39,54,68,67,70,89,68,81,2,0,0,0,0,0,0,1,0,1,0,0,0,0,0,0,0,1,2,1,0,1,1,1,0,1,0,0,0,1,0,0,0,0,0,0,0,0,0,0,0,0,0,1,0,0,85.09856973993989
265311,Alisha Lehmann,RW,inside_forward,none,165,55,5,4,94,90,98,89,93,87,81,92,91,91,91,91,82,91,90,82,90,90,90,90,47,39,54,68,67,70,89,68,81,2,0,0,0,0,0,0,1,0,1,0,0,0,0,0,0,0,1,2,1,0,1,1,1,0,1,0,0,0,1,0,0,0,0,0,0,0,0,0,0,0,0,0,1,0,0,83.86278130570697
265311,Alisha Lehmann,RW,inside_forward,engine,165,55,5,4,98,94,98,89,93,87,81,92,95,99,91,95,86,99,94,90,90,90,98,90,47,39,54,68,67,70,89,68,81,2,0,0,0,0,0,0,1,0,1,0,0,0,0,0,0,0,1,2,1,0,1,1,1,0,1,0,0,0,1,0,0,0,0,0,0,0,0,0,0,0,0,0,1,0,0,87.49120062600493
265311,Alisha Lehmann,CAM,playmaker,none,165,55,5,4,94,90,98,89,93,87,81,92,91,91,91,91,82,91,90,82,90,90,90,90,47,39,54,68,67,70,89,68,81,2,0,0,0,0,0,0,1,0,1,0,0,0,0,0,0,0,1,2,1,0,1,1,1,0,1,0,0,0,1,0,0,0,0,0,0,0,0,0,0,0,0,0,1,0,0,82.78032670217517
265311,Alisha Lehmann,CAM,playmaker,engine,165,55,5,4,98,94,98,89,93,87,81,92,95,99,91,95,86,99,94,90,90,90,98,90,47,39,54,68,67,70,89,68,81,2,0,0,0,0,0,0,1,0,1,0,0,0,0,0,0,0,1,2,1,0,1,1,1,0,1,0,0,0,1,0,0,0,0,0,0,0,0,0,0,0,0,0,1,0,0,86.36979331733056
265311,Alisha Lehmann,CAM,shadow_striker,none,165,55,5,4,94,90,98,89,93,87,81,92,91,91,91,91,82,91,90,82,90,90,90,90,47,39,54,68,67,70,89,68,81,2,0,0,0,0,0,0,1,0,1,0,0,0,0,0,0,0,1,2,1,0,1,1,1,0,1,0,0,0,1,0,0,0,0,0,0,0,0,0,0,0,0,0,1,0,0,85.30352462929346
265311,Alisha Lehmann,CAM,shadow_striker,engine,165,55,5,4,98,94,98,89,93,87,81,92,95,99,91,95,86,99,94,90,90,90,98,90,47,39,54,68,67,70,89,68,81,2,0,0,0,0,0,0,1,0,1,0,0,0,0,0,0,0,1,2,1,0,1,1,1,0,1,0,0,0,1,0,0,0,0,0,0,0,0,0,0,0,0,0,1,0,0,89.11267708446215
265311,Alisha Lehmann,RM,wide_midfielder,none,165,55,5,4,94,90,98,89,93,87,81,92,91,91,91,91,82,91,90,82,90,90,90,90,47,39,54,68,67,70,89,68,81,2,0,0,0,0,0,0,1,0,1,0,0,0,0,0,0,0,1,2,1,0,1,1,1,0,1,0,0,0,1,0,0,0,0,0,0,0,0,0,0,0,0,0,1,0,0,84.42301880040453
265311,Alisha Lehmann,RM,wide_midfielder,engine,165,55,5,4,98,94,98,89,93,87,81,92,95,99,91,95,86,99,94,90,90,90,98,90,47,39,54,68,67,70,89,68,81,2,0,0,0,0,0,0,1,0,1,0,0,0,0,0,0,0,1,2,1,0,1,1,1,0,1,0,0,0,1,0,0,0,0,0,0,0,0,0,0,0,0,0,1,0,0,88.3327300935835
265311,Alisha Lehmann,RW,wide_playmaker,none,165,55,5,4,94,90,98,89,93,87,81,92,91,91,91,91,82,91,90,82,90,90,90,90,47,39,54,68,67,70,89,68,81,2,0,0,0,0,0,0,1,0,1,0,0,0,0,0,0,0,1,2,1,0,1,1,1,0,1,0,0,0,1,0,0,0,0,0,0,0,0,0,0,0,0,0,1,0,0,84.11725549034566
265311,Alisha Lehmann,RW,wide_playmaker,engine,165,55,5,4,98,94,98,89,93,87,81,92,95,99,91,95,86,99,94,90,90,90,98,90,47,39,54,68,67,70,89,68,81,2,0,0,0,0,0,0,1,0,1,0,0,0,0,0,0,0,1,2,1,0,1,1,1,0,1,0,0,0,1,0,0,0,0,0,0,0,0,0,0,0,0,0,1,0,0,88.06810283524628
265311,Alisha Lehmann,RW,winger,none,165,55,5,4,94,90,98,89,93,87,81,92,91,91,91,91,82,91,90,82,90,90,90,90,47,39,54,68,67,70,89,68,81,2,0,0,0,0,0,0,1,0,1,0,0,0,0,0,0,0,1,2,1,0,1,1,1,0,1,0,0,0,1,0,0,0,0,0,0,0,0,0,0,0,0,0,1,0,0,85.4168044957421
265311,Alisha Lehmann,RW,winger,engine,165,55,5,4,98,94,98,89,93,87,81,92,95,99,91,95,86,99,94,90,90,90,98,90,47,39,54,68,67,70,89,68,81,2,0,0,0,0,0,0,1,0,1,0,0,0,0,0,0,0,1,2,1,0,1,1,1,0,1,0,0,0,1,0,0,0,0,0,0,0,0,0,0,0,0,0,1,0,0,89.29489941474138
50331894,Paul Scholes,CM,box_to_box,none,171,71,3,5,88,86,91,83,91,93,84,72,99,99,99,99,99,99,83,94,94,92,81,94,92,92,90,87,65,91,99,77,95,0,1,1,0,0,0,2,1,2,1,0,0,0,0,1,1,0,1,0,0,0,0,1,0,1,0,0,0,0,0,0,1,0,0,0,0,0,0,0,0,0,0,0,1,0,0,89.29240223211694
50331894,Paul Scholes,CM,box_to_box,shadow,171,71,3,5,96,94,91,83,91,93,84,72,99,99,99,99,99,99,83,94,94,92,81,94,99,96,94,95,77,91,99,77,95,0,1,1,0,0,0,2,1,2,1,0,0,0,0,1,1,0,1,0,0,0,0,1,0,1,0,0,0,0,0,0,1,0,0,0,0,0,0,0,0,0,0,0,1,0,0,92.8142103432386
50331894,Paul Scholes,CDM,centre_half,none,171,71,3,5,88,86,91,83,91,93,84,72,99,99,99,99,99,99,83,94,94,92,81,94,92,92,90,87,65,91,99,77,95,0,1,1,0,0,0,2,1,2,1,0,0,0,0,1,1,0,1,0,0,0,0,1,0,1,0,0,0,0,0,0,1,0,0,0,0,0,0,0,0,0,0,0,1,0,0,80.8502110435258
50331894,Paul Scholes,CDM,centre_half,shadow,171,71,3,5,96,94,91,83,91,93,84,72,99,99,99,99,99,99,83,94,94,92,81,94,99,96,94,95,77,91,99,77,95,0,1,1,0,0,0,2,1,2,1,0,0,0,0,1,1,0,1,0,0,0,0,1,0,1,0,0,0,0,0,0,1,0,0,0,0,0,0,0,0,0,0,0,1,0,0,86.19991769283311
50331894,Paul Scholes,CAM,classic_ten,none,171,71,3,5,88,86,91,83,91,93,84,72,99,99,99,99,99,99,83,94,94,92,81,94,92,92,90,87,65,91,99,77,95,0,1,1,0,0,0,2,1,2,1,0,0,0,0,1,1,0,1,0,0,0,0,1,0,1,0,0,0,0,0,0,1,0,0,0,0,0,0,0,0,0,0,0,1,0,0,86.99185602772741
50331894,Paul Scholes,CAM,classic_ten,hunter,171,71,3,5,96,94,95,91,95,93,96,80,99,99,99,99,99,99,83,94,94,92,81,94,92,92,90,87,65,91,99,77,95,0,1,1,0,0,0,2,1,2,1,0,0,0,0,1,1,0,1,0,0,0,0,1,0,1,0,0,0,0,0,0,1,0,0,0,0,0,0,0,0,0,0,0,1,0,0,90.64984061029885
50331894,Paul Scholes,CDM,deep_lying_playmaker,none,171,71,3,5,88,86,91,83,91,93,84,72,99,99,99,99,99,99,83,94,94,92,81,94,92,92,90,87,65,91,99,77,95,0,1,1,0,0,0,2,1,2,1,0,0,0,0,1,1,0,1,0,0,0,0,1,0,1,0,0,0,0,0,0,1,0,0,0,0,0,0,0,0,0,0,0,1,0,0,87.88923063102656
50331894,Paul Scholes,CDM,deep_lying_playmaker,shadow,171,71,3,5,96,94,91,83,91,93,84,72,99,99,99,99,99,99,83,94,94,92,81,94,99,96,94,95,77,91,99,77,95,0,1,1,0,0,0,2,1,2,1,0,0,0,0,1,1,0,1,0,0,0,0,1,0,1,0,0,0,0,0,0,1,0,0,0,0,0,0,0,0,0,0,0,1,0,0,91.85138637865948
50331894,Paul Scholes,CM,half_winger,none,171,71,3,5,88,86,91,83,91,93,84,72,99,99,99,99,99,99,83,94,94,92,81,94,92,92,90,87,65,91,99,77,95,0,1,1,0,0,0,2,1,2,1,0,0,0,0,1,1,0,1,0,0,0,0,1,0,1,0,0,0,0,0,0,1,0,0,0,0,0,0,0,0,0,0,0,1,0,0,83.01898686000163
50331894,Paul Scholes,CM,half_winger,hunter,171,71,3,5,96,94,95,91,95,93,96,80,99,99,99,99,99,99,83,94,94,92,81,94,92,92,90,87,65,91,99,77,95,0,1,1,0,0,0,2,1,2,1,0,0,0,0,1,1,0,1,0,0,0,0,1,0,1,0,0,0,0,0,0,1,0,0,0,0,0,0,0,0,0,0,0,1,0,0,86.76887661452818
50331894,Paul Scholes,CDM,holding,none,171,71,3,5,88,86,91,83,91,93,84,72,99,99,99,99,99,99,83,94,94,92,81,94,92,92,90,87,65,91,99,77,95,0,1,1,0,0,0,2,1,2,1,0,0,0,0,1,1,0,1,0,0,0,0,1,0,1,0,0,0,0,0,0,1,0,0,0,0,0,0,0,0,0,0,0,1,0,0,84.5561388213687
50331894,Paul Scholes,CDM,holding,shadow,171,71,3,5,96,94,91,83,91,93,84,72,99,99,99,99,99,99,83,94,94,92,81,94,99,96,94,95,77,91,99,77,95,0,1,1,0,0,0,2,1,2,1,0,0,0,0,1,1,0,1,0,0,0,0,1,0,1,0,0,0,0,0,0,1,0,0,0,0,0,0,0,0,0,0,0,1,0,0,90.89593403431158
50331894,Paul Scholes,CM,playmaker,none,171,71,3,5,88,86,91,83,91,93,84,72,99,99,99,99,99,99,83,94,94,92,81,94,92,92,90,87,65,91,99,77,95,0,1,1,0,0,0,2,1,2,1,0,0,0,0,1,1,0,1,0,0,0,0,1,0,1,0,0,0,0,0,0,1,0,0,0,0,0,0,0,0,0,0,0,1,0,0,87.21883873585257
50331894,Paul Scholes,CM,playmaker,hunter,171,71,3,5,96,94,95,91,95,93,96,80,99,99,99,99,99,99,83,94,94,92,81,94,92,92,90,87,65,91,99,77,95,0,1,1,0,0,0,2,1,2,1,0,0,0,0,1,1,0,1,0,0,0,0,1,0,1,0,0,0,0,0,0,1,0,0,0,0,0,0,0,0,0,0,0,1,0,0,90.29304439241798
50331894,Paul Scholes,CAM,shadow_striker,none,171,71,3,5,88,86,91,83,91,93,84,72,99,99,99,99,99,99,83,94,94,92,81,94,92,92,90,87,65,91,99,77,95,0,1,1,0,0,0,2,1,2,1,0,0,0,0,1,1,0,1,0,0,0,0,1,0,1,0,0,0,0,0,0,1,0,0,0,0,0,0,0,0,0,0,0,1,0,0,85.15269208710149
50331894,Paul Scholes,CAM,shadow_striker,hunter,171,71,3,5,96,94,95,91,95,93,96,80,99,99,99,99,99,99,83,94,94,92,81,94,92,92,90,87,65,91,99,77,95,0,1,1,0,0,0,2,1,2,1,0,0,0,0,1,1,0,1,0,0,0,0,1,0,1,0,0,0,0,0,0,1,0,0,0,0,0,0,0,0,0,0,0,1,0,0,89.06021442929321
50331894,Paul Scholes,CDM,wide_half,none,171,71,3,5,88,86,91,83,91,93,84,72,99,99,99,99,99,99,83,94,94,92,81,94,92,92,90,87,65,91,99,77,95,0,1,1,0,0,0,2,1,2,1,0,0,0,0,1,1,0,1,0,0,0,0,1,0,1,0,0,0,0,0,0,1,0,0,0,0,0,0,0,0,0,0,0,1,0,0,85.00845876158184
50331894,Paul Scholes,CDM,wide_half,shadow,171,71,3,5,96,94,91,83,91,93,84,72,99,99,99,99,99,99,83,94,94,92,81,94,99,96,94,95,77,91,99,77,95,0,1,1,0,0,0,2,1,2,1,0,0,0,0,1,1,0,1,0,0,0,0,1,0,1,0,0,0,0,0,0,1,0,0,0,0,0,0,0,0,0,0,0,1,0,0,90.4654418800329
50467103,Maicon,RB,attacking_wingback,none,184,77,4,4,90,96,89,80,95,90,89,70,86,98,81,90,87,91,81,81,88,90,87,85,91,81,89,90,96,84,90,91,88,0,0,1,0,0,0,0,0,0,0,2,1,1,1,0,0,2,0,0,0,0,0,0,0,0,1,0,0,0,0,0,0,0,1,0,0,0,1,0,0,0,0,0,0,0,0,83.95999415332358
50467103,Maicon,RB,attacking_wingback,engine,184,77,4,4,94,99,89,80,95,90,89,70,90,99,81,94,91,99,85,89,88,90,95,85,91,81,89,90,96,84,90,91,88,0,0,1,0,0,0,0,0,0,0,2,1,1,1,0,0,2,0,0,0,0,0,0,0,0,1,0,0,0,0,0,0,0,1,0,0,0,1,0,0,0,0,0,0,0,0,87.23257230921153
50467103,Maicon,RB,falseback,none,184,77,4,4,90,96,89,80,95,90,89,70,86,98,81,90,87,91,81,81,88,90,87,85,91,81,89,90,96,84,90,91,88,0,0,1,0,0,0,0,0,0,0,2,1,1,1,0,0,2,0,0,0,0,0,0,0,0,1,0,0,0,0,0,0,0,1,0,0,0,1,0,0,0,0,0,0,0,0,83.70409194228294
50467103,Maicon,RB,falseback,powerhouse,184,77,4,4,90,96,89,80,95,90,89,70,98,99,81,98,95,95,81,81,88,90,87,85,99,81,93,99,96,84,90,91,88,0,0,1,0,0,0,0,0,0,0,2,1,1,1,0,0,2,0,0,0,0,0,0,0,0,1,0,0,0,0,0,0,0,1,0,0,0,1,0,0,0,0,0,0,0,0,88.60388679214749
50467103,Maicon,RB,fullback,none,184,77,4,4,90,96,89,80,95,90,89,70,86,98,81,90,87,91,81,81,88,90,87,85,91,81,89,90,96,84,90,91,88,0,0,1,0,0,0,0,0,0,0,2,1,1,1,0,0,2,0,0,0,0,0,0,0,0,1,0,0,0,0,0,0,0,1,0,0,0,1,0,0,0,0,0,0,0,0,88.11935936594166
50467103,Maicon,RB,fullback,shadow,184,77,4,4,98,99,89,80,95,90,89,70,86,98,81,90,87,91,81,81,88,90,87,85,99,85,93,98,99,84,90,91,88,0,0,1,0,0,0,0,0,0,0,2,1,1,1,0,0,2,0,0,0,0,0,0,0,0,1,0,0,0,0,0,0,0,1,0,0,0,1,0,0,0,0,0,0,0,0,93.23208431812803
50467103,Maicon,RM,inside_forward,none,184,77,4,4,90,96,89,80,95,90,89,70,86,98,81,90,87,91,81,81,88,90,87,85,91,81,89,90,96,84,90,91,88,0,0,1,0,0,0,0,0,0,0,2,1,1,1,0,0,2,0,0,0,0,0,0,0,0,1,0,0,0,0,0,0,0,1,0,0,0,1,0,0,0,0,0,0,0,0,78.3956767768689
50467103,Maicon,RM,inside_forward,finisher,184,77,4,4,90,96,97,92,99,90,97,74,86,98,81,90,87,91,89,85,88,90,99,85,91,81,89,90,96,84,90,91,88,0,0,1,0,0,0,0,0,0,0,2,1,1,1,0,0,2,0,0,0,0,0,0,0,0,1,0,0,0,0,0,0,0,1,0,0,0,1,0,0,0,0,0,0,0,0,83.14337396268623
50467103,Maicon,RM,wide_midfielder,none,184,77,4,4,90,96,89,80,95,90,89,70,86,98,81,90,87,91,81,81,88,90,87,85,91,81,89,90,96,84,90,91,88,0,0,1,0,0,0,0,0,0,0,2,1,1,1,0,0,2,0,0,0,0,0,0,0,0,1,0,0,0,0,0,0,0,1,0,0,0,1,0,0,0,0,0,0,0,0,81.05056340327536
50467103,Maicon,RM,wide_midfielder,engine,184,77,4,4,94,99,89,80,95,90,89,70,90,99,81,94,91,99,85,89,88,90,95,85,91,81,89,90,96,84,90,91,88,0,0,1,0,0,0,0,0,0,0,2,1,1,1,0,0,2,0,0,0,0,0,0,0,0,1,0,0,0,0,0,0,0,1,0,0,0,1,0,0,0,0,0,0,0,0,84.39007530931221
50467103,Maicon,RM,wide_playmaker,none,184,77,4,4,90,96,89,80,95,90,89,70,86,98,81,90,87,91,81,81,88,90,87,85,91,81,89,90,96,84,90,91,88,0,0,1,0,0,0,0,0,0,0,2,1,1,1,0,0,2,0,0,0,0,0,0,0,0,1,0,0,0,0,0,0,0,1,0,0,0,1,0,0,0,0,0,0,0,0,77.15034571837384
50467103,Maicon,RM,wide_playmaker,engine,184,77,4,4,94,99,89,80,95,90,89,70,90,99,81,94,91,99,85,89,88,90,95,85,91,81,89,90,96,84,90,91,88,0,0,1,0,0,0,0,0,0,0,2,1,1,1,0,0,2,0,0,0,0,0,0,0,0,1,0,0,0,0,0,0,0,1,0,0,0,1,0,0,0,0,0,0,0,0,80.84640429771555
50467103,Maicon,RB,wingback,none,184,77,4,4,90,96,89,80,95,90,89,70,86,98,81,90,87,91,81,81,88,90,87,85,91,81,89,90,96,84,90,91,88,0,0,1,0,0,0,0,0,0,0,2,1,1,1,0,0,2,0,0,0,0,0,0,0,0,1,0,0,0,0,0,0,0,1,0,0,0,1,0,0,0,0,0,0,0,0,86.20404779877659
50467103,Maicon,RB,wingback,shadow,184,77,4,4,98,99,89,80,95,90,89,70,86,98,81,90,87,91,81,81,88,90,87,85,99,85,93,98,99,84,90,91,88,0,0,1,0,0,0,0,0,0,0,2,1,1,1,0,0,2,0,0,0,0,0,0,0,0,1,0,0,0,0,0,0,0,1,0,0,0,1,0,0,0,0,0,0,0,0,90.7428451363318
50467103,Maicon,RM,winger,none,184,77,4,4,90,96,89,80,95,90,89,70,86,98,81,90,87,91,81,81,88,90,87,85,91,81,89,90,96,84,90,91,88,0,0,1,0,0,0,0,0,0,0,2,1,1,1,0,0,2,0,0,0,0,0,0,0,0,1,0,0,0,0,0,0,0,1,0,0,0,1,0,0,0,0,0,0,0,0,79.57605091068872
50467103,Maicon,RM,winger,finisher,184,77,4,4,90,96,97,92,99,90,97,74,86,98,81,90,87,91,89,85,88,90,99,85,91,81,89,90,96,84,90,91,88,0,0,1,0,0,0,0,0,0,0,2,1,1,1,0,0,2,0,0,0,0,0,0,0,0,1,0,0,0,0,0,0,0,1,0,0,0,1,0,0,0,0,0,0,0,0,83.42905906066305
50472249,Nemanja Vidić,CB,ball_playing_defender,none,190,84,2,3,78,82,41,51,81,49,59,77,56,51,47,74,70,51,70,71,83,72,51,86,87,91,93,92,88,92,87,93,90,0,0,0,0,1,0,0,0,0,0,0,1,2,2,1,1,1,0,0,0,0,0,0,0,0,0,1,0,1,0,0,0,0,0,0,1,0,0,0,0,1,0,0,0,0,0,74.78946648248885
50472249,Nemanja Vidić,CB,ball_playing_defender,shadow,190,84,2,3,86,90,41,51,81,49,59,77,56,51,47,74,70,51,70,71,83,72,51,86,95,95,97,99,99,92,87,93,90,0,0,0,0,1,0,0,0,0,0,0,1,2,2,1,1,1,0,0,0,0,0,0,0,0,0,1,0,1,0,0,0,0,0,0,1,0,0,0,0,1,0,0,0,0,0,79.24988274684053
50472249,Nemanja Vidić,CB,defender,none,190,84,2,3,78,82,41,51,81,49,59,77,56,51,47,74,70,51,70,71,83,72,51,86,87,91,93,92,88,92,87,93,90,0,0,0,0,1,0,0,0,0,0,0,1,2,2,1,1,1,0,0,0,0,0,0,0,0,0,1,0,1,0,0,0,0,0,0,1,0,0,0,0,1,0,0,0,0,0,80.55004909339793
50472249,Nemanja Vidić,CB,defender,shadow,190,84,2,3,86,90,41,51,81,49,59,77,56,51,47,74,70,51,70,71,83,72,51,86,95,95,97,99,99,92,87,93,90,0,0,0,0,1,0,0,0,0,0,0,1,2,2,1,1,1,0,0,0,0,0,0,0,0,0,1,0,1,0,0,0,0,0,0,1,0,0,0,0,1,0,0,0,0,0,86.80664827705759
50472249,Nemanja Vidić,CB,stopper,none,190,84,2,3,78,82,41,51,81,49,59,77,56,51,47,74,70,51,70,71,83,72,51,86,87,91,93,92,88,92,87,93,90,0,0,0,0,1,0,0,0,0,0,0,1,2,2,1,1,1,0,0,0,0,0,0,0,0,0,1,0,1,0,0,0,0,0,0,1,0,0,0,0,1,0,0,0,0,0,78.11716894353916
50472249,Nemanja Vidić,CB,stopper,shadow,190,84,2,3,86,90,41,51,81,49,59,77,56,51,47,74,70,51,70,71,83,72,51,86,95,95,97,99,99,92,87,93,90,0,0,0,0,1,0,0,0,0,0,0,1,2,2,1,1,1,0,0,0,0,0,0,0,0,0,1,0,1,0,0,0,0,0,0,1,0,0,0,0,1,0,0,0,0,0,84.58377344501909
50541537,Raphaël Guerreiro,LB,attacking_wingback,none,170,71,5,4,89,87,91,89,90,95,92,63,90,90,87,94,83,90,93,93,91,92,90,90,94,50,87,86,85,57,90,77,72,0,0,0,0,0,0,0,0,1,2,1,0,0,1,0,0,0,2,0,1,1,1,0,0,0,1,0,0,0,0,1,0,0,0,0,0,0,0,0,0,0,0,0,1,0,0,81.0693440115081
50541537,Raphaël Guerreiro,LB,attacking_wingback,catalyst,170,71,5,4,97,95,91,89,90,95,92,63,90,99,95,98,91,94,93,93,91,92,90,90,94,50,87,86,85,57,90,77,72,0,0,0,0,0,0,0,0,1,2,1,0,0,1,0,0,0,2,0,1,1,1,0,0,0,1,0,0,0,0,1,0,0,0,0,0,0,0,0,0,0,0,0,1,0,0,85.39562491213935
50541537,Raphaël Guerreiro,CM,box_to_box,none,170,71,5,4,89,87,91,89,90,95,92,63,90,90,87,94,83,90,93,93,91,92,90,90,94,50,87,86,85,57,90,77,72,0,0,0,0,0,0,0,0,1,2,1,0,0,1,0,0,0,2,0,1,1,1,0,0,0,1,0,0,0,0,1,0,0,0,0,0,0,0,0,0,0,0,0,1,0,0,84.05844599722302
50541537,Raphaël Guerreiro,CM,box_to_box,shadow,170,71,5,4,97,95,91,89,90,95,92,63,90,90,87,94,83,90,93,93,91,92,90,90,99,54,91,94,97,57,90,77,72,0,0,0,0,0,0,0,0,1,2,1,0,0,1,0,0,0,2,0,1,1,1,0,0,0,1,0,0,0,0,1,0,0,0,0,0,0,0,0,0,0,0,0,1,0,0,87.47043108945576
50541537,Raphaël Guerreiro,CAM,classic_ten,none,170,71,5,4,89,87,91,89,90,95,92,63,90,90,87,94,83,90,93,93,91,92,90,90,94,50,87,86,85,57,90,77,72,0,0,0,0,0,0,0,0,1,2,1,0,0,1,0,0,0,2,0,1,1,1,0,0,0,1,0,0,0,0,1,0,0,0,0,0,0,0,0,0,0,0,0,1,0,0,84.77774667243497
50541537,Raphaël Guerreiro,CAM,classic_ten,engine,170,71,5,4,93,91,91,89,90,95,92,63,94,98,87,98,87,98,97,99,91,92,98,90,94,50,87,86,85,57,90,77,72,0,0,0,0,0,0,0,0,1,2,1,0,0,1,0,0,0,2,0,1,1,1,0,0,0,1,0,0,0,0,1,0,0,0,0,0,0,0,0,0,0,0,0,1,0,0,88.58970338689194
50541537,Raphaël Guerreiro,CM,deep_lying_playmaker,none,170,71,5,4,89,87,91,89,90,95,92,63,90,90,87,94,83,90,93,93,91,92,90,90,94,50,87,86,85,57,90,77,72,0,0,0,0,0,0,0,0,1,2,1,0,0,1,0,0,0,2,0,1,1,1,0,0,0,1,0,0,0,0,1,0,0,0,0,0,0,0,0,0,0,0,0,1,0,0,82.68301120126671
50541537,Raphaël Guerreiro,CM,deep_lying_playmaker,catalyst,170,71,5,4,97,95,91,89,90,95,92,63,90,99,95,98,91,94,93,93,91,92,90,90,94,50,87,86,85,57,90,77,72,0,0,0,0,0,0,0,0,1,2,1,0,0,1,0,0,0,2,0,1,1,1,0,0,0,1,0,0,0,0,1,0,0,0,0,0,0,0,0,0,0,0,0,1,0,0,86.62782252382966
50541537,Raphaël Guerreiro,LB,falseback,none,170,71,5,4,89,87,91,89,90,95,92,63,90,90,87,94,83,90,93,93,91,92,90,90,94,50,87,86,85,57,90,77,72,0,0,0,0,0,0,0,0,1,2,1,0,0,1,0,0,0,2,0,1,1,1,0,0,0,1,0,0,0,0,1,0,0,0,0,0,0,0,0,0,0,0,0,1,0,0,82.72172407925915
50541537,Raphaël Guerreiro,LB,falseback,shadow,170,71,5,4,97,95,91,89,90,95,92,63,90,90,87,94,83,90,93,93,91,92,90,90,99,54,91,94,97,57,90,77,72,0,0,0,0,0,0,0,0,1,2,1,0,0,1,0,0,0,2,0,1,1,1,0,0,0,1,0,0,0,0,1,0,0,0,0,0,0,0,0,0,0,0,0,1,0,0,87.37417551138799
50541537,Raphaël Guerreiro,LB,fullback,none,170,71,5,4,89,87,91,89,90,95,92,63,90,90,87,94,83,90,93,93,91,92,90,90,94,50,87,86,85,57,90,77,72,0,0,0,0,0,0,0,0,1,2,1,0,0,1,0,0,0,2,0,1,1,1,0,0,0,1,0,0,0,0,1,0,0,0,0,0,0,0,0,0,0,0,0,1,0,0,80.23614870988393
50541537,Raphaël Guerreiro,LB,fullback,shadow,170,71,5,4,97,95,91,89,90,95,92,63,90,90,87,94,83,90,93,93,91,92,90,90,99,54,91,94,97,57,90,77,72,0,0,0,0,0,0,0,0,1,2,1,0,0,1,0,0,0,2,0,1,1,1,0,0,0,1,0,0,0,0,1,0,0,0,0,0,0,0,0,0,0,0,0,1,0,0,86.76899134837488
50541537,Raphaël Guerreiro,CM,half_winger,none,170,71,5,4,89,87,91,89,90,95,92,63,90,90,87,94,83,90,93,93,91,92,90,90,94,50,87,86,85,57,90,77,72,0,0,0,0,0,0,0,0,1,2,1,0,0,1,0,0,0,2,0,1,1,1,0,0,0,1,0,0,0,0,1,0,0,0,0,0,0,0,0,0,0,0,0,1,0,0,80.56375512210927
50541537,Raphaël Guerreiro,CM,half_winger,catalyst,170,71,5,4,97,95,91,89,90,95,92,63,90,99,95,98,91,94,93,93,91,92,90,90,94,50,87,86,85,57,90,77,72,0,0,0,0,0,0,0,0,1,2,1,0,0,1,0,0,0,2,0,1,1,1,0,0,0,1,0,0,0,0,1,0,0,0,0,0,0,0,0,0,0,0,0,1,0,0,84.90084571677525
50541537,Raphaël Guerreiro,CM,holding,none,170,71,5,4,89,87,91,89,90,95,92,63,90,90,87,94,83,90,93,93,91,92,90,90,94,50,87,86,85,57,90,77,72,0,0,0,0,0,0,0,0,1,2,1,0,0,1,0,0,0,2,0,1,1,1,0,0,0,1,0,0,0,0,1,0,0,0,0,0,0,0,0,0,0,0,0,1,0,0,80.07137983149327
50541537,Raphaël Guerreiro,CM,holding,shadow,170,71,5,4,97,95,91,89,90,95,92,63,90,90,87,94,83,90,93,93,91,92,90,90,99,54,91,94,97,57,90,77,72,0,0,0,0,0,0,0,0,1,2,1,0,0,1,0,0,0,2,0,1,1,1,0,0,0,1,0,0,0,0,1,0,0,0,0,0,0,0,0,0,0,0,0,1,0,0,86.00044377121021
50541537,Raphaël Guerreiro,CM,playmaker,none,170,71,5,4,89,87,91,89,90,95,92,63,90,90,87,94,83,90,93,93,91,92,90,90,94,50,87,86,85,57,90,77,72,0,0,0,0,0,0,0,0,1,2,1,0,0,1,0,0,0,2,0,1,1,1,0,0,0,1,0,0,0,0,1,0,0,0,0,0,0,0,0,0,0,0,0,1,0,0,83.46580761313635
50541537,Raphaël Guerreiro,CM,playmaker,catalyst,170,71,5,4,97,95,91,89,90,95,92,63,90,99,95,98,91,94,93,93,91,92,90,90,94,50,87,86,85,57,90,77,72,0,0,0,0,0,0,0,0,1,2,1,0,0,1,0,0,0,2,0,1,1,1,0,0,0,1,0,0,0,0,1,0,0,0,0,0,0,0,0,0,0,0,0,1,0,0,86.99255532918744
50541537,Raphaël Guerreiro,CAM,shadow_striker,none,170,71,5,4,89,87,91,89,90,95,92,63,90,90,87,94,83,90,93,93,91,92,90,90,94,50,87,86,85,57,90,77,72,0,0,0,0,0,0,0,0,1,2,1,0,0,1,0,0,0,2,0,1,1,1,0,0,0,1,0,0,0,0,1,0,0,0,0,0,0,0,0,0,0,0,0,1,0,0,83.94983387427943
50541537,Raphaël Guerreiro,CAM,shadow_striker,hunter,170,71,5,4,97,95,95,97,94,95,99,71,90,90,87,94,83,90,93,93,91,92,90,90,94,50,87,86,85,57,90,77,72,0,0,0,0,0,0,0,0,1,2,1,0,0,1,0,0,0,2,0,1,1,1,0,0,0,1,0,0,0,0,1,0,0,0,0,0,0,0,0,0,0,0,0,1,0,0,87.85735621647119
50541537,Raphaël Guerreiro,LB,wingback,none,170,71,5,4,89,87,91,89,90,95,92,63,90,90,87,94,83,90,93,93,91,92,90,90,94,50,87,86,85,57,90,77,72,0,0,0,0,0,0,0,0,1,2,1,0,0,1,0,0,0,2,0,1,1,1,0,0,0,1,0,0,0,0,1,0,0,0,0,0,0,0,0,0,0,0,0,1,0,0,81.70747181438985
50541537,Raphaël Guerreiro,LB,wingback,shadow,170,71,5,4,97,95,91,89,90,95,92,63,90,90,87,94,83,90,93,93,91,92,90,90,99,54,91,94,97,57,90,77,72,0,0,0,0,0,0,0,0,1,2,1,0,0,1,0,0,0,2,0,1,1,1,0,0,0,1,0,0,0,0,1,0,0,0,0,0,0,0,0,0,0,0,0,1,0,0,87.48858908298146
50545604,Adama Traoré,ST,advanced_forward,none,178,86,5,4,95,95,83,84,88,73,70,52,85,97,54,92,78,97,91,91,84,91,89,93,53,56,46,56,48,83,87,90,83,0,0,0,0,0,0,1,0,0,1,1,0,0,0,0,0,0,0,2,0,1,1,0,2,1,0,0,0,0,0,0,0,1,0,0,0,0,0,0,0,0,0,0,0,0,1,81.25298193840399
50545604,Adama Traoré,ST,advanced_forward,finisher,178,86,5,4,95,95,91,96,92,73,78,56,85,97,54,92,78,97,99,95,84,91,99,93,53,56,46,56,48,83,87,90,83,0,0,0,0,0,0,1,0,0,1,1,0,0,0,0,0,0,0,2,0,1,1,0,2,1,0,0,0,0,0,0,0,1,0,0,0,0,0,0,0,0,0,0,0,0,1,85.63092759806264
50545604,Adama Traoré,ST,false_nine,none,178,86,5,4,95,95,83,84,88,73,70,52,85,97,54,92,78,97,91,91,84,91,89,93,53,56,46,56,48,83,87,90,83,0,0,0,0,0,0,1,0,0,1,1,0,0,0,0,0,0,0,2,0,1,1,0,2,1,0,0,0,0,0,0,0,1,0,0,0,0,0,0,0,0,0,0,0,0,1,81.21964019827082
50545604,Adama Traoré,ST,false_nine,finisher,178,86,5,4,95,95,91,96,92,73,78,56,85,97,54,92,78,97,99,95,84,91,99,93,53,56,46,56,48,83,87,90,83,0,0,0,0,0,0,1,0,0,1,1,0,0,0,0,0,0,0,2,0,1,1,0,2,1,0,0,0,0,0,0,0,1,0,0,0,0,0,0,0,0,0,0,0,0,1,85.0894712050298
50545604,Adama Traoré,RM,inside_forward,none,178,86,5,4,95,95,83,84,88,73,70,52,85,97,54,92,78,97,91,91,84,91,89,93,53,56,46,56,48,83,87,90,83,0,0,0,0,0,0,1,0,0,1,1,0,0,0,0,0,0,0,2,0,1,1,0,2,1,0,0,0,0,0,0,0,1,0,0,0,0,0,0,0,0,0,0,0,0,1,82.26919758244934
50545604,Adama Traoré,RM,inside_forward,finisher,178,86,5,4,95,95,91,96,92,73,78,56,85,97,54,92,78,97,99,95,84,91,99,93,53,56,46,56,48,83,87,90,83,0,0,0,0,0,0,1,0,0,1,1,0,0,0,0,0,0,0,2,0,1,1,0,2,1,0,0,0,0,0,0,0,1,0,0,0,0,0,0,0,0,0,0,0,0,1,86.81856373438242
50545604,Adama Traoré,ST,poacher,none,178,86,5,4,95,95,83,84,88,73,70,52,85,97,54,92,78,97,91,91,84,91,89,93,53,56,46,56,48,83,87,90,83,0,0,0,0,0,0,1,0,0,1,1,0,0,0,0,0,0,0,2,0,1,1,0,2,1,0,0,0,0,0,0,0,1,0,0,0,0,0,0,0,0,0,0,0,0,1,80.00934000907588
50545604,Adama Traoré,ST,poacher,finisher,178,86,5,4,95,95,91,96,92,73,78,56,85,97,54,92,78,97,99,95,84,91,99,93,53,56,46,56,48,83,87,90,83,0,0,0,0,0,0,1,0,0,1,1,0,0,0,0,0,0,0,2,0,1,1,0,2,1,0,0,0,0,0,0,0,1,0,0,0,0,0,0,0,0,0,0,0,0,1,84.04136044001449
50545604,Adama Traoré,ST,target_forward,none,178,86,5,4,95,95,83,84,88,73,70,52,85,97,54,92,78,97,91,91,84,91,89,93,53,56,46,56,48,83,87,90,83,0,0,0,0,0,0,1,0,0,1,1,0,0,0,0,0,0,0,2,0,1,1,0,2,1,0,0,0,0,0,0,0,1,0,0,0,0,0,0,0,0,0,0,0,0,1,70.17498436719735
50545604,Adama Traoré,ST,target_forward,hawk,178,86,5,4,99,99,87,88,96,81,70,56,85,97,54,92,78,97,91,91,84,91,89,93,53,56,46,56,48,91,87,94,91,0,0,0,0,0,0,1,0,0,1,1,0,0,0,0,0,0,0,2,0,1,1,0,2,1,0,0,0,0,0,0,0,1,0,0,0,0,0,0,0,0,0,0,0,0,1,74.75464583473178
50545604,Adama Traoré,RM,wide_midfielder,none,178,86,5,4,95,95,83,84,88,73,70,52,85,97,54,92,78,97,91,91,84,91,89,93,53,56,46,56,48,83,87,90,83,0,0,0,0,0,0,1,0,0,1,1,0,0,0,0,0,0,0,2,0,1,1,0,2,1,0,0,0,0,0,0,0,1,0,0,0,0,0,0,0,0,0,0,0,0,1,83.6876788060329
50545604,Adama Traoré,RM,wide_midfielder,engine,178,86,5,4,99,99,83,84,88,73,70,52,89,99,54,96,82,99,95,99,84,91,97,93,53,56,46,56,48,83,87,90,83,0,0,0,0,0,0,1,0,0,1,1,0,0,0,0,0,0,0,2,0,1,1,0,2,1,0,0,0,0,0,0,0,1,0,0,0,0,0,0,0,0,0,0,0,0,1,87.05893831337312
50545604,Adama Traoré,RM,wide_playmaker,none,178,86,5,4,95,95,83,84,88,73,70,52,85,97,54,92,78,97,91,91,84,91,89,93,53,56,46,56,48,83,87,90,83,0,0,0,0,0,0,1,0,0,1,1,0,0,0,0,0,0,0,2,0,1,1,0,2,1,0,0,0,0,0,0,0,1,0,0,0,0,0,0,0,0,0,0,0,0,1,81.78549400682482
50545604,Adama Traoré,RM,wide_playmaker,engine,178,86,5,4,99,99,83,84,88,73,70,52,89,99,54,96,82,99,95,99,84,91,97,93,53,56,46,56,48,83,87,90,83,0,0,0,0,0,0,1,0,0,1,1,0,0,0,0,0,0,0,2,0,1,1,0,2,1,0,0,0,0,0,0,0,1,0,0,0,0,0,0,0,0,0,0,0,0,1,85.43436372669578
50545604,Adama Traoré,RM,winger,none,178,86,5,4,95,95,83,84,88,73,70,52,85,97,54,92,78,97,91,91,84,91,89,93,53,56,46,56,48,83,87,90,83,0,0,0,0,0,0,1,0,0,1,1,0,0,0,0,0,0,0,2,0,1,1,0,2,1,0,0,0,0,0,0,0,1,0,0,0,0,0,0,0,0,0,0,0,0,1,84.87412689518393
50545604,Adama Traoré,RM,winger,finisher,178,86,5,4,95,95,91,96,92,73,78,56,85,97,54,92,78,97,99,95,84,91,99,93,53,56,46,56,48,83,87,90,83,0,0,0,0,0,0,1,0,0,1,1,0,0,0,0,0,0,0,2,0,1,1,0,2,1,0,0,0,0,0,0,0,1,0,0,0,0,0,0,0,0,0,0,0,0,1,88.55591083794437
50590723,Yan Couto,RB,attacking_wingback,none,168,60,5,5,94,92,91,80,85,78,70,72,87,96,50,91,86,89,96,94,83,91,94,83,88,76,87,89,88,91,95,83,88,0,0,0,0,0,0,1,0,1,0,1,2,0,1,1,1,0,1,1,0,0,0,0,2,0,1,0,0,0,0,1,0,0,0,0,0,0,0,0,0,0,0,1,0,0,0,87.11605107041451
50590723,Yan Couto,RB,attacking_wingback,shadow,168,60,5,5,99,99,91,80,85,78,70,72,87,96,50,91,86,89,96,94,83,91,94,83,96,80,91,97,99,91,95,83,88,0,0,0,0,0,0,1,0,1,0,1,2,0,1,1,1,0,1,1,0,0,0,0,2,0,1,0,0,0,0,1,0,0,0,0,0,0,0,0,0,0,0,1,0,0,0,90.617788117904
50590723,Yan Couto,RB,falseback,none,168,60,5,5,94,92,91,80,85,78,70,72,87,96,50,91,86,89,96,94,83,91,94,83,88,76,87,89,88,91,95,83,88,0,0,0,0,0,0,1,0,1,0,1,2,0,1,1,1,0,1,1,0,0,0,0,2,0,1,0,0,0,0,1,0,0,0,0,0,0,0,0,0,0,0,1,0,0,0,86.01136157404811
50590723,Yan Couto,RB,falseback,powerhouse,168,60,5,5,94,92,91,80,85,78,70,72,99,99,50,99,94,93,96,94,83,91,94,83,96,76,91,99,88,91,95,83,88,0,0,0,0,0,0,1,0,1,0,1,2,0,1,1,1,0,1,1,0,0,0,0,2,0,1,0,0,0,0,1,0,0,0,0,0,0,0,0,0,0,0,1,0,0,0,90.99631979333309
50590723,Yan Couto,RB,fullback,none,168,60,5,5,94,92,91,80,85,78,70,72,87,96,50,91,86,89,96,94,83,91,94,83,88,76,87,89,88,91,95,83,88,0,0,0,0,0,0,1,0,1,0,1,2,0,1,1,1,0,1,1,0,0,0,0,2,0,1,0,0,0,0,1,0,0,0,0,0,0,0,0,0,0,0,1,0,0,0,86.2818846197642
50590723,Yan Couto,RB,fullback,shadow,168,60,5,5,99,99,91,80,85,78,70,72,87,96,50,91,86,89,96,94,83,91,94,83,96,80,91,97,99,91,95,83,88,0,0,0,0,0,0,1,0,1,0,1,2,0,1,1,1,0,1,1,0,0,0,0,2,0,1,0,0,0,0,1,0,0,0,0,0,0,0,0,0,0,0,1,0,0,0,91.95336445837862
50590723,Yan Couto,RW,inside_forward,none,168,60,5,5,94,92,91,80,85,78,70,72,87,96,50,91,86,89,96,94,83,91,94,83,88,76,87,89,88,91,95,83,88,0,0,0,0,0,0,1,0,1,0,1,2,0,1,1,1,0,1,1,0,0,0,0,2,0,1,0,0,0,0,1,0,0,0,0,0,0,0,0,0,0,0,1,0,0,0,83.68828637886583
50590723,Yan Couto,RW,inside_forward,finisher,168,60,5,5,94,92,99,92,89,78,78,76,87,96,50,91,86,89,99,98,83,91,99,83,88,76,87,89,88,91,95,83,88,0,0,0,0,0,0,1,0,1,0,1,2,0,1,1,1,0,1,1,0,0,0,0,2,0,1,0,0,0,0,1,0,0,0,0,0,0,0,0,0,0,0,1,0,0,0,87.16422002891969
50590723,Yan Couto,RM,wide_midfielder,none,168,60,5,5,94,92,91,80,85,78,70,72,87,96,50,91,86,89,96,94,83,91,94,83,88,76,87,89,88,91,95,83,88,0,0,0,0,0,0,1,0,1,0,1,2,0,1,1,1,0,1,1,0,0,0,0,2,0,1,0,0,0,0,1,0,0,0,0,0,0,0,0,0,0,0,1,0,0,0,86.12372378218056
50590723,Yan Couto,RM,wide_midfielder,engine,168,60,5,5,98,96,91,80,85,78,70,72,91,99,50,95,90,97,99,99,83,91,99,83,88,76,87,89,88,91,95,83,88,0,0,0,0,0,0,1,0,1,0,1,2,0,1,1,1,0,1,1,0,0,0,0,2,0,1,0,0,0,0,1,0,0,0,0,0,0,0,0,0,0,0,1,0,0,0,89.23643511817393
50590723,Yan Couto,RW,wide_playmaker,none,168,60,5,5,94,92,91,80,85,78,70,72,87,96,50,91,86,89,96,94,83,91,94,83,88,76,87,89,88,91,95,83,88,0,0,0,0,0,0,1,0,1,0,1,2,0,1,1,1,0,1,1,0,0,0,0,2,0,1,0,0,0,0,1,0,0,0,0,0,0,0,0,0,0,0,1,0,0,0,82.35612596981497
50590723,Yan Couto,RW,wide_playmaker,engine,168,60,5,5,98,96,91,80,85,78,70,72,91,99,50,95,90,97,99,99,83,91,99,83,88,76,87,89,88,91,95,83,88,0,0,0,0,0,0,1,0,1,0,1,2,0,1,1,1,0,1,1,0,0,0,0,2,0,1,0,0,0,0,1,0,0,0,0,0,0,0,0,0,0,0,1,0,0,0,85.80935470107643
50590723,Yan Couto,RB,wingback,none,168,60,5,5,94,92,91,80,85,78,70,72,87,96,50,91,86,89,96,94,83,91,94,83,88,76,87,89,88,91,95,83,88,0,0,0,0,0,0,1,0,1,0,1,2,0,1,1,1,0,1,1,0,0,0,0,2,0,1,0,0,0,0,1,0,0,0,0,0,0,0,0,0,0,0,1,0,0,0,87.07158908963846
50590723,Yan Couto,RB,wingback,shadow,168,60,5,5,99,99,91,80,85,78,70,72,87,96,50,91,86,89,96,94,83,91,94,83,96,80,91,97,99,91,95,83,88,0,0,0,0,0,0,1,0,1,0,1,2,0,1,1,1,0,1,1,0,0,0,0,2,0,1,0,0,0,0,1,0,0,0,0,0,0,0,0,0,0,0,1,0,0,0,92.03416381382078
50590723,Yan Couto,RW,winger,none,168,60,5,5,94,92,91,80,85,78,70,72,87,96,50,91,86,89,96,94,83,91,94,83,88,76,87,89,88,91,95,83,88,0,0,0,0,0,0,1,0,1,0,1,2,0,1,1,1,0,1,1,0,0,0,0,2,0,1,0,0,0,0,1,0,0,0,0,0,0,0,0,0,0,0,1,0,0,0,85.44190224934022
50590723,Yan Couto,RW,winger,hunter,168,60,5,5,99,99,95,88,89,78,82,80,87,96,50,91,86,89,96,94,83,91,94,83,88,76,87,89,88,91,95,83,88,0,0,0,0,0,0,1,0,1,0,1,2,0,1,1,1,0,1,1,0,0,0,0,2,0,1,0,0,0,0,1,0,0,0,0,0,0,0,0,0,0,0,1,0,0,0,89.15413991750117
50609080,Patrick Dorgu,LB,attacking_wingback,none,175,60,5,5,87,92,84,73,71,69,55,59,71,93,77,83,70,80,90,90,90,90,90,90,90,84,84,95,99,91,99,61,99,0,0,0,0,0,0,0,1,0,0,0,2,0,0,0,0,1,2,0,1,0,1,0,0,0,0,0,0,0,1,0,0,0,0,0,0,0,1,0,0,0,0,0,0,0,0,81.59694365692904
50609080,Patrick Dorgu,LB,attacking_wingback,catalyst,175,60,5,5,95,99,84,73,71,69,55,59,71,99,85,87,78,84,90,90,90,90,90,90,90,84,84,95,99,91,99,61,99,0,0,0,0,0,0,0,1,0,0,0,2,0,0,0,0,1,2,0,1,0,1,0,0,0,0,0,0,0,1,0,0,0,0,0,0,0,1,0,0,0,0,0,0,0,0,85.52703072399015
50609080,Patrick Dorgu,LB,falseback,none,175,60,5,5,87,92,84,73,71,69,55,59,71,93,77,83,70,80,90,90,90,90,90,90,90,84,84,95,99,91,99,61,99,0,0,0,0,0,0,0,1,0,0,0,2,0,0,0,0,1,2,0,1,0,1,0,0,0,0,0,0,0,1,0,0,0,0,0,0,0,1,0,0,0,0,0,0,0,0,79.91352516805921
50609080,Patrick Dorgu,LB,falseback,powerhouse,175,60,5,5,87,92,84,73,71,69,55,59,83,97,77,91,78,84,90,90,90,90,90,90,98,84,88,99,99,91,99,61,99,0,0,0,0,0,0,0,1,0,0,0,2,0,0,0,0,1,2,0,1,0,1,0,0,0,0,0,0,0,1,0,0,0,0,0,0,0,1,0,0,0,0,0,0,0,0,84.3875031708216
50609080,Patrick Dorgu,LB,fullback,none,175,60,5,5,87,92,84,73,71,69,55,59,71,93,77,83,70,80,90,90,90,90,90,90,90,84,84,95,99,91,99,61,99,0,0,0,0,0,0,0,1,0,0,0,2,0,0,0,0,1,2,0,1,0,1,0,0,0,0,0,0,0,1,0,0,0,0,0,0,0,1,0,0,0,0,0,0,0,0,81.58469795221251
50609080,Patrick Dorgu,LB,fullback,shadow,175,60,5,5,95,99,84,73,71,69,55,59,71,93,77,83,70,80,90,90,90,90,90,90,98,88,88,99,99,91,99,61,99,0,0,0,0,0,0,0,1,0,0,0,2,0,0,0,0,1,2,0,1,0,1,0,0,0,0,0,0,0,1,0,0,0,0,0,0,0,1,0,0,0,0,0,0,0,0,87.37046112713989
50609080,Patrick Dorgu,LM,inside_forward,none,175,60,5,5,87,92,84,73,71,69,55,59,71,93,77,83,70,80,90,90,90,90,90,90,90,84,84,95,99,91,99,61,99,0,0,0,0,0,0,0,1,0,0,0,2,0,0,0,0,1,2,0,1,0,1,0,0,0,0,0,0,0,1,0,0,0,0,0,0,0,1,0,0,0,0,0,0,0,0,76.98851335483843
50609080,Patrick Dorgu,LM,inside_forward,finisher,175,60,5,5,87,92,92,85,75,69,63,63,71,93,77,83,70,80,98,94,90,90,99,90,90,84,84,95,99,91,99,61,99,0,0,0,0,0,0,0,1,0,0,0,2,0,0,0,0,1,2,0,1,0,1,0,0,0,0,0,0,0,1,0,0,0,0,0,0,0,1,0,0,0,0,0,0,0,0,81.43871398982938
50609080,Patrick Dorgu,LM,wide_midfielder,none,175,60,5,5,87,92,84,73,71,69,55,59,71,93,77,83,70,80,90,90,90,90,90,90,90,84,84,95,99,91,99,61,99,0,0,0,0,0,0,0,1,0,0,0,2,0,0,0,0,1,2,0,1,0,1,0,0,0,0,0,0,0,1,0,0,0,0,0,0,0,1,0,0,0,0,0,0,0,0,79.73843151596306
50609080,Patrick Dorgu,LM,wide_midfielder,engine,175,60,5,5,91,96,84,73,71,69,55,59,75,99,77,87,74,88,94,98,90,90,98,90,90,84,84,95,99,91,99,61,99,0,0,0,0,0,0,0,1,0,0,0,2,0,0,0,0,1,2,0,1,0,1,0,0,0,0,0,0,0,1,0,0,0,0,0,0,0,1,0,0,0,0,0,0,0,0,83.52809751480407
50609080,Patrick Dorgu,LM,wide_playmaker,none,175,60,5,5,87,92,84,73,71,69,55,59,71,93,77,83,70,80,90,90,90,90,90,90,90,84,84,95,99,91,99,61,99,0,0,0,0,0,0,0,1,0,0,0,2,0,0,0,0,1,2,0,1,0,1,0,0,0,0,0,0,0,1,0,0,0,0,0,0,0,1,0,0,0,0,0,0,0,0,73.38188239226527
50609080,Patrick Dorgu,LM,wide_playmaker,engine,175,60,5,5,91,96,84,73,71,69,55,59,75,99,77,87,74,88,94,98,90,90,98,90,90,84,84,95,99,91,99,61,99,0,0,0,0,0,0,0,1,0,0,0,2,0,0,0,0,1,2,0,1,0,1,0,0,0,0,0,0,0,1,0,0,0,0,0,0,0,1,0,0,0,0,0,0,0,0,77.30967104019341
50609080,Patrick Dorgu,LB,wingback,none,175,60,5,5,87,92,84,73,71,69,55,59,71,93,77,83,70,80,90,90,90,90,90,90,90,84,84,95,99,91,99,61,99,0,0,0,0,0,0,0,1,0,0,0,2,0,0,0,0,1,2,0,1,0,1,0,0,0,0,0,0,0,1,0,0,0,0,0,0,0,1,0,0,0,0,0,0,0,0,83.62206333129363
50609080,Patrick Dorgu,LB,wingback,shadow,175,60,5,5,95,99,84,73,71,69,55,59,71,93,77,83,70,80,90,90,90,90,90,90,98,88,88,99,99,91,99,61,99,0,0,0,0,0,0,0,1,0,0,0,2,0,0,0,0,1,2,0,1,0,1,0,0,0,0,0,0,0,1,0,0,0,0,0,0,0,1,0,0,0,0,0,0,0,0,88.9055293930653
50609080,Patrick Dorgu,LM,winger,none,175,60,5,5,87,92,84,73,71,69,55,59,71,93,77,83,70,80,90,90,90,90,90,90,90,84,84,95,99,91,99,61,99,0,0,0,0,0,0,0,1,0,0,0,2,0,0,0,0,1,2,0,1,0,1,0,0,0,0,0,0,0,1,0,0,0,0,0,0,0,1,0,0,0,0,0,0,0,0,76.99366705002043
50609080,Patrick Dorgu,LM,winger,hunter,175,60,5,5,95,99,88,81,75,69,67,67,71,93,77,83,70,80,90,90,90,90,90,90,90,84,84,95,99,91,99,61,99,0,0,0,0,0,0,0,1,0,0,0,2,0,0,0,0,1,2,0,1,0,1,0,0,0,0,0,0,0,1,0,0,0,0,0,0,0,1,0,0,0,0,0,0,0,0,81.28858413704872
100875494,Bruno Fernandes,CM,box_to_box,none,179,69,4,4,89,85,99,98,99,99,99,99,97,85,95,93,93,90,85,82,95,92,89,85,75,75,73,84,78,83,99,76,98,1,0,1,2,0,0,1,1,2,0,0,0,0,0,0,0,0,0,0,1,1,0,0,0,1,1,0,0,1,0,0,1,0,0,0,0,0,0,0,0,0,0,0,0,0,1,85.24837038012842
100875494,Bruno Fernandes,CM,box_to_box,shadow,179,69,4,4,97,93,99,98,99,99,99,99,97,85,95,93,93,90,85,82,95,92,89,85,83,79,77,92,90,83,99,76,98,1,0,1,2,0,0,1,1,2,0,0,0,0,0,0,0,0,0,0,1,1,0,0,0,1,1,0,0,1,0,0,1,0,0,0,0,0,0,0,0,0,0,0,0,0,1,88.82509000069452
100875494,Bruno Fernandes,CAM,classic_ten,none,179,69,4,4,89,85,99,98,99,99,99,99,97,85,95,93,93,90,85,82,95,92,89,85,75,75,73,84,78,83,99,76,98,1,0,1,2,0,0,1,1,2,0,0,0,0,0,0,0,0,0,0,1,1,0,0,0,1,1,0,0,1,0,0,1,0,0,0,0,0,0,0,0,0,0,0,0,0,1,87.13217518409257
100875494,Bruno Fernandes,CAM,classic_ten,engine,179,69,4,4,93,89,99,98,99,99,99,99,99,93,95,97,97,98,89,90,95,92,97,85,75,75,73,84,78,83,99,76,98,1,0,1,2,0,0,1,1,2,0,0,0,0,0,0,0,0,0,0,1,1,0,0,0,1,1,0,0,1,0,0,1,0,0,0,0,0,0,0,0,0,0,0,0,0,1,90.89098591200751
100875494,Bruno Fernandes,CM,deep_lying_playmaker,none,179,69,4,4,89,85,99,98,99,99,99,99,97,85,95,93,93,90,85,82,95,92,89,85,75,75,73,84,78,83,99,76,98,1,0,1,2,0,0,1,1,2,0,0,0,0,0,0,0,0,0,0,1,1,0,0,0,1,1,0,0,1,0,0,1,0,0,0,0,0,0,0,0,0,0,0,0,0,1,82.12901841898743
100875494,Bruno Fernandes,CM,deep_lying_playmaker,shadow,179,69,4,4,97,93,99,98,99,99,99,99,97,85,95,93,93,90,85,82,95,92,89,85,83,79,77,92,90,83,99,76,98,1,0,1,2,0,0,1,1,2,0,0,0,0,0,0,0,0,0,0,1,1,0,0,0,1,1,0,0,1,0,0,1,0,0,0,0,0,0,0,0,0,0,0,0,0,1,86.14758456675935
100875494,Bruno Fernandes,CM,half_winger,none,179,69,4,4,89,85,99,98,99,99,99,99,97,85,95,93,93,90,85,82,95,92,89,85,75,75,73,84,78,83,99,76,98,1,0,1,2,0,0,1,1,2,0,0,0,0,0,0,0,0,0,0,1,1,0,0,0,1,1,0,0,1,0,0,1,0,0,0,0,0,0,0,0,0,0,0,0,0,1,82.1562714122684
100875494,Bruno Fernandes,CM,half_winger,catalyst,179,69,4,4,97,93,99,98,99,99,99,99,97,97,99,97,99,94,85,82,95,92,89,85,75,75,73,84,78,83,99,76,98,1,0,1,2,0,0,1,1,2,0,0,0,0,0,0,0,0,0,0,1,1,0,0,0,1,1,0,0,1,0,0,1,0,0,0,0,0,0,0,0,0,0,0,0,0,1,86.43157636837174
100875494,Bruno Fernandes,CM,holding,none,179,69,4,4,89,85,99,98,99,99,99,99,97,85,95,93,93,90,85,82,95,92,89,85,75,75,73,84,78,83,99,76,98,1,0,1,2,0,0,1,1,2,0,0,0,0,0,0,0,0,0,0,1,1,0,0,0,1,1,0,0,1,0,0,1,0,0,0,0,0,0,0,0,0,0,0,0,0,1,77.1813662392968
100875494,Bruno Fernandes,CM,holding,shadow,179,69,4,4,97,93,99,98,99,99,99,99,97,85,95,93,93,90,85,82,95,92,89,85,83,79,77,92,90,83,99,76,98,1,0,1,2,0,0,1,1,2,0,0,0,0,0,0,0,0,0,0,1,1,0,0,0,1,1,0,0,1,0,0,1,0,0,0,0,0,0,0,0,0,0,0,0,0,1,83.72652708885263
100875494,Bruno Fernandes,CM,playmaker,none,179,69,4,4,89,85,99,98,99,99,99,99,97,85,95,93,93,90,85,82,95,92,89,85,75,75,73,84,78,83,99,76,98,1,0,1,2,0,0,1,1,2,0,0,0,0,0,0,0,0,0,0,1,1,0,0,0,1,1,0,0,1,0,0,1,0,0,0,0,0,0,0,0,0,0,0,0,0,1,85.7053094469824
100875494,Bruno Fernandes,CM,playmaker,engine,179,69,4,4,93,89,99,98,99,99,99,99,99,93,95,97,97,98,89,90,95,92,97,85,75,75,73,84,78,83,99,76,98,1,0,1,2,0,0,1,1,2,0,0,0,0,0,0,0,0,0,0,1,1,0,0,0,1,1,0,0,1,0,0,1,0,0,0,0,0,0,0,0,0,0,0,0,0,1,89.12401105504898
100875494,Bruno Fernandes,CAM,shadow_striker,none,179,69,4,4,89,85,99,98,99,99,99,99,97,85,95,93,93,90,85,82,95,92,89,85,75,75,73,84,78,83,99,76,98,1,0,1,2,0,0,1,1,2,0,0,0,0,0,0,0,0,0,0,1,1,0,0,0,1,1,0,0,1,0,0,1,0,0,0,0,0,0,0,0,0,0,0,0,0,1,86.50234704385252
100875494,Bruno Fernandes,CAM,shadow_striker,engine,179,69,4,4,93,89,99,98,99,99,99,99,99,93,95,97,97,98,89,90,95,92,97,85,75,75,73,84,78,83,99,76,98,1,0,1,2,0,0,1,1,2,0,0,0,0,0,0,0,0,0,0,1,1,0,0,0,1,1,0,0,1,0,0,1,0,0,0,0,0,0,0,0,0,0,0,0,0,1,90.21280566276747
100889564,Federico Dimarco,LB,attacking_wingback,none,174,76,3,4,95,92,87,82,85,88,81,74,83,91,86,89,85,92,87,91,90,93,90,85,88,87,90,88,88,88,91,84,87,1,0,1,1,0,0,1,1,1,0,2,1,0,2,0,0,0,0,0,0,1,0,0,0,0,0,0,0,0,0,0,0,1,0,0,0,0,1,0,0,0,0,0,0,0,0,84.82462447710094
100889564,Federico Dimarco,LB,attacking_wingback,engine,174,76,3,4,99,96,87,82,85,88,81,74,87,99,86,93,89,99,91,99,90,93,98,85,88,87,90,88,88,88,91,84,87,1,0,1,1,0,0,1,1,1,0,2,1,0,2,0,0,0,0,0,0,1,0,0,0,0,0,0,0,0,0,0,0,1,0,0,0,0,1,0,0,0,0,0,0,0,0,88.71379167032717
100889564,Federico Dimarco,CM,box_to_box,none,174,76,3,4,95,92,87,82,85,88,81,74,83,91,86,89,85,92,87,91,90,93,90,85,88,87,90,88,88,88,91,84,87,1,0,1,1,0,0,1,1,1,0,2,1,0,2,0,0,0,0,0,0,1,0,0,0,0,0,0,0,0,0,0,0,1,0,0,0,0,1,0,0,0,0,0,0,0,0,84.37745866206892
100889564,Federico Dimarco,CM,box_to_box,powerhouse,174,76,3,4,95,92,87,82,85,88,81,74,95,95,86,97,93,96,87,91,90,93,90,85,96,87,94,99,88,88,91,84,87,1,0,1,1,0,0,1,1,1,0,2,1,0,2,0,0,0,0,0,0,1,0,0,0,0,0,0,0,0,0,0,0,1,0,0,0,0,1,0,0,0,0,0,0,0,0,87.80877650539144
100889564,Federico Dimarco,CM,deep_lying_playmaker,none,174,76,3,4,95,92,87,82,85,88,81,74,83,91,86,89,85,92,87,91,90,93,90,85,88,87,90,88,88,88,91,84,87,1,0,1,1,0,0,1,1,1,0,2,1,0,2,0,0,0,0,0,0,1,0,0,0,0,0,0,0,0,0,0,0,1,0,0,0,0,1,0,0,0,0,0,0,0,0,84.01393746692229
100889564,Federico Dimarco,CM,deep_lying_playmaker,powerhouse,174,76,3,4,95,92,87,82,85,88,81,74,95,95,86,97,93,96,87,91,90,93,90,85,96,87,94,99,88,88,91,84,87,1,0,1,1,0,0,1,1,1,0,2,1,0,2,0,0,0,0,0,0,1,0,0,0,0,0,0,0,0,0,0,0,1,0,0,0,0,1,0,0,0,0,0,0,0,0,88.1971724712057
100889564,Federico Dimarco,LB,falseback,none,174,76,3,4,95,92,87,82,85,88,81,74,83,91,86,89,85,92,87,91,90,93,90,85,88,87,90,88,88,88,91,84,87,1,0,1,1,0,0,1,1,1,0,2,1,0,2,0,0,0,0,0,0,1,0,0,0,0,0,0,0,0,0,0,0,1,0,0,0,0,1,0,0,0,0,0,0,0,0,84.31048922875891
100889564,Federico Dimarco,LB,falseback,powerhouse,174,76,3,4,95,92,87,82,85,88,81,74,95,95,86,97,93,96,87,91,90,93,90,85,96,87,94,99,88,88,91,84,87,1,0,1,1,0,0,1,1,1,0,2,1,0,2,0,0,0,0,0,0,1,0,0,0,0,0,0,0,0,0,0,0,1,0,0,0,0,1,0,0,0,0,0,0,0,0,89.38061081746432
100889564,Federico Dimarco,LB,fullback,none,174,76,3,4,95,92,87,82,85,88,81,74,83,91,86,89,85,92,87,91,90,93,90,85,88,87,90,88,88,88,91,84,87,1,0,1,1,0,0,1,1,1,0,2,1,0,2,0,0,0,0,0,0,1,0,0,0,0,0,0,0,0,0,0,0,1,0,0,0,0,1,0,0,0,0,0,0,0,0,86.72588664307963
100889564,Federico Dimarco,LB,fullback,shadow,174,76,3,4,99,99,87,82,85,88,81,74,83,91,86,89,85,92,87,91,90,93,90,85,96,91,94,96,99,88,91,84,87,1,0,1,1,0,0,1,1,1,0,2,1,0,2,0,0,0,0,0,0,1,0,0,0,0,0,0,0,0,0,0,0,1,0,0,0,0,1,0,0,0,0,0,0,0,0,92.11700717340035
100889564,Federico Dimarco,CM,half_winger,none,174,76,3,4,95,92,87,82,85,88,81,74,83,91,86,89,85,92,87,91,90,93,90,85,88,87,90,88,88,88,91,84,87,1,0,1,1,0,0,1,1,1,0,2,1,0,2,0,0,0,0,0,0,1,0,0,0,0,0,0,0,0,0,0,0,1,0,0,0,0,1,0,0,0,0,0,0,0,0,80.47513045803758
100889564,Federico Dimarco,CM,half_winger,engine,174,76,3,4,99,96,87,82,85,88,81,74,87,99,86,93,89,99,91,99,90,93,98,85,88,87,90,88,88,88,91,84,87,1,0,1,1,0,0,1,1,1,0,2,1,0,2,0,0,0,0,0,0,1,0,0,0,0,0,0,0,0,0,0,0,1,0,0,0,0,1,0,0,0,0,0,0,0,0,84.2888951442428
100889564,Federico Dimarco,CM,holding,none,174,76,3,4,95,92,87,82,85,88,81,74,83,91,86,89,85,92,87,91,90,93,90,85,88,87,90,88,88,88,91,84,87,1,0,1,1,0,0,1,1,1,0,2,1,0,2,0,0,0,0,0,0,1,0,0,0,0,0,0,0,0,0,0,0,1,0,0,0,0,1,0,0,0,0,0,0,0,0,84.31331683479412
100889564,Federico Dimarco,CM,holding,shadow,174,76,3,4,99,99,87,82,85,88,81,74,83,91,86,89,85,92,87,91,90,93,90,85,96,91,94,96,99,88,91,84,87,1,0,1,1,0,0,1,1,1,0,2,1,0,2,0,0,0,0,0,0,1,0,0,0,0,0,0,0,0,0,0,0,1,0,0,0,0,1,0,0,0,0,0,0,0,0,90.01588318529713
100889564,Federico Dimarco,LM,inside_forward,none,174,76,3,4,95,92,87,82,85,88,81,74,83,91,86,89,85,92,87,91,90,93,90,85,88,87,90,88,88,88,91,84,87,1,0,1,1,0,0,1,1,1,0,2,1,0,2,0,0,0,0,0,0,1,0,0,0,0,0,0,0,0,0,0,0,1,0,0,0,0,1,0,0,0,0,0,0,0,0,80.04328596593919
100889564,Federico Dimarco,LM,inside_forward,finisher,174,76,3,4,95,92,95,94,89,88,89,78,83,91,86,89,85,92,95,95,90,93,99,85,88,87,90,88,88,88,91,84,87,1,0,1,1,0,0,1,1,1,0,2,1,0,2,0,0,0,0,0,0,1,0,0,0,0,0,0,0,0,0,0,0,1,0,0,0,0,1,0,0,0,0,0,0,0,0,84.49348660093015
100889564,Federico Dimarco,CM,playmaker,none,174,76,3,4,95,92,87,82,85,88,81,74,83,91,86,89,85,92,87,91,90,93,90,85,88,87,90,88,88,88,91,84,87,1,0,1,1,0,0,1,1,1,0,2,1,0,2,0,0,0,0,0,0,1,0,0,0,0,0,0,0,0,0,0,0,1,0,0,0,0,1,0,0,0,0,0,0,0,0,82.12676983458239
100889564,Federico Dimarco,CM,playmaker,engine,174,76,3,4,99,96,87,82,85,88,81,74,87,99,86,93,89,99,91,99,90,93,98,85,88,87,90,88,88,88,91,84,87,1,0,1,1,0,0,1,1,1,0,2,1,0,2,0,0,0,0,0,0,1,0,0,0,0,0,0,0,0,0,0,0,1,0,0,0,0,1,0,0,0,0,0,0,0,0,85.67306875265804
100889564,Federico Dimarco,LM,wide_midfielder,none,174,76,3,4,95,92,87,82,85,88,81,74,83,91,86,89,85,92,87,91,90,93,90,85,88,87,90,88,88,88,91,84,87,1,0,1,1,0,0,1,1,1,0,2,1,0,2,0,0,0,0,0,0,1,0,0,0,0,0,0,0,0,0,0,0,1,0,0,0,0,1,0,0,0,0,0,0,0,0,83.09697842479635
100889564,Federico Dimarco,LM,wide_midfielder,engine,174,76,3,4,99,96,87,82,85,88,81,74,87,99,86,93,89,99,91,99,90,93,98,85,88,87,90,88,88,88,91,84,87,1,0,1,1,0,0,1,1,1,0,2,1,0,2,0,0,0,0,0,0,1,0,0,0,0,0,0,0,0,0,0,0,1,0,0,0,0,1,0,0,0,0,0,0,0,0,86.97697040083783
100889564,Federico Dimarco,LM,wide_playmaker,none,174,76,3,4,95,92,87,82,85,88,81,74,83,91,86,89,85,92,87,91,90,93,90,85,88,87,90,88,88,88,91,84,87,1,0,1,1,0,0,1,1,1,0,2,1,0,2,0,0,0,0,0,0,1,0,0,0,0,0,0,0,0,0,0,0,1,0,0,0,0,1,0,0,0,0,0,0,0,0,79.87565425200712
100889564,Federico Dimarco,LM,wide_playmaker,engine,174,76,3,4,99,96,87,82,85,88,81,74,87,99,86,93,89,99,91,99,90,93,98,85,88,87,90,88,88,88,91,84,87,1,0,1,1,0,0,1,1,1,0,2,1,0,2,0,0,0,0,0,0,1,0,0,0,0,0,0,0,0,0,0,0,1,0,0,0,0,1,0,0,0,0,0,0,0,0,83.78770134122237
100889564,Federico Dimarco,LB,wingback,none,174,76,3,4,95,92,87,82,85,88,81,74,83,91,86,89,85,92,87,91,90,93,90,85,88,87,90,88,88,88,91,84,87,1,0,1,1,0,0,1,1,1,0,2,1,0,2,0,0,0,0,0,0,1,0,0,0,0,0,0,0,0,0,0,0,1,0,0,0,0,1,0,0,0,0,0,0,0,0,85.9016580905796
100889564,Federico Dimarco,LB,wingback,shadow,174,76,3,4,99,99,87,82,85,88,81,74,83,91,86,89,85,92,87,91,90,93,90,85,96,91,94,96,99,88,91,84,87,1,0,1,1,0,0,1,1,1,0,2,1,0,2,0,0,0,0,0,0,1,0,0,0,0,0,0,0,0,0,0,0,1,0,0,0,0,1,0,0,0,0,0,0,0,0,90.60937954485708
100889564,Federico Dimarco,LM,winger,none,174,76,3,4,95,92,87,82,85,88,81,74,83,91,86,89,85,92,87,91,90,93,90,85,88,87,90,88,88,88,91,84,87,1,0,1,1,0,0,1,1,1,0,2,1,0,2,0,0,0,0,0,0,1,0,0,0,0,0,0,0,0,0,0,0,1,0,0,0,0,1,0,0,0,0,0,0,0,0,82.03495771136325
100889564,Federico Dimarco,LM,winger,engine,174,76,3,4,99,96,87,82,85,88,81,74,87,99,86,93,89,99,91,99,90,93,98,85,88,87,90,88,88,88,91,84,87,1,0,1,1,0,0,1,1,1,0,2,1,0,2,0,0,0,0,0,0,1,0,0,0,0,0,0,0,0,0,0,0,1,0,0,0,0,1,0,0,0,0,0,0,0,0,85.89764155854975
